suburb,postcode
YARRAWALLA,[3575]
GEMBROOK,[3783]
BLACKWOOD FOREST,[3992]
GLEN PARK,[3352]
ST GERMAINS,[3620]
TOWONG,[3707]
WILDWOOD,[3429]
BUCKRABANYULE,[3525]
ROBINVALE IRRIGATION DISTRICT SECTION C,[3549]
POMPAPIEL,[3571]
BARRAKEE,[3525]
CORIO,[3214]
HARKNESS,[3337]
PIGEON PONDS,[3407]
FRANKLINFORD,[3461]
WODONGA FORWARD,[3691]
ALLAMBEE,[3823]
KARIAH,[3260]
COCHRANES CREEK,[3475]
MYOLA,[3551]
IVANHOE EAST,[3079]
SEBASTOPOL,[3356]
PERONNE,[3413]
OFFICER SOUTH,[3809]
AUBREY,[3393]
MENTONE EAST,[3194]
WRIXON,[3860]
PINE GROVE,[3573]
YEODENE,[3249]
BRUNSWICK,[3056]
SOUTHBANK,[3006]
WARRANWOOD,[3134]
YABBA SOUTH,[3646]
RYTHDALE,[3810]
KORIELLA,[3714]
MANGALORE,[3663]
KOOROOL,[3860]
MCLOUGHLINS BEACH,[3874]
EAST BENDIGO,[3550]
CHINKAPOOK,[3546]
TUROAR,[3546]
MARRAWEENEY,[3669]
WATTLE FLAT,[3352]
MALVERN EAST,[3145]
STRADBROKE,[3851]
LANGSBOROUGH,[3971]
PEARCEDALE,[3912]
MOUNT EGERTON,[3352]
MILLBROOK,[3352]
LEICHARDT,[3516]
MOOROOPNA NORTH,[3629]
YARRAVILLE,[3013]
COLAC COLAC,[3707]
QUAMBATOOK,[3540]
DELACOMBE,[3356]
SPEED,[3488]
PARKDALE,[3195]
ALLESTREE,[3305]
OFFICER,[3809]
BOORAN ROAD PO,[3163]
NANGEELA,[3312]
TOOTGAROOK,[3941]
WHITFIELD,[3733]
WOODSIDE,[3874]
GERANGAMETE,[3249]
DEAN,[3363]
BENAMBRA,[3900]
ALTONA GATE,[3025]
MURCHISON,[3610]
MORANDING,[3764]
BARWON HEADS,[3227]
WARNEET,[3980]
PORTLAND WEST,[3305]
DOCKERS PLAINS,[3678]
HARMERS HAVEN,[3995]
DOREEN,[3754]
WELSHMANS REEF,[3462]
BEACONSFIELD UPPER,[3808]
BURKES FLAT,[3475]
GREENWALD,[3304]
THE HEART,[3851]
SHELLEY,[3701]
GEELONG,[3220]
PERCYDALE,[3478]
TOORAK,[3142]
YARRAMBAT,[3091]
ALMA,[3465]
SCARSDALE,[3351]
PRAIRIE,[3572]
REEDY DAM,[3395]
RESERVOIR,[3073]
PENTAL ISLAND,[3586]
VENTNOR,[3922]
NEWFIELD,[3268]
HUNTER,[3558]
MILAWA,[3678]
HEIDELBERG WEST,[3081]
MEREDITH,[3333]
PARWAN,[3340]
FRASER RISE,[3336]
MEERING WEST,[3579]
LILLICO,[3820]
BLAIRGOWRIE,[3942]
WALMER,[3463]
NORADJUHA,[3409]
ALPHINGTON,[3078]
BELLS BEACH,[3228]
CARISBROOK,[3464]
QUEENSCLIFF,[3225]
APPIN,[3579]
HIGHTON,[3216]
MAFFRA,[3860]
HIGH CAMP,[3764]
JUNGABURRA,[3575]
LENEVA,[3691]
NOWA NOWA,[3887]
GLENORCHY,[3385]
WOMBAT CREEK,[3888]
JEFFCOTT,[3480]
KARINGAL,[3199]
SANDOWN VILLAGE,[3171]
WOODGLEN,[3875]
MYALL,"[3533, 3579]"
MOUNT BEAUTY,[3699]
YAMBUNA,[3621]
DONCASTER,[3108]
MAJORCA,[3465]
BOLWARRAH,[3352]
EAGLEHAWK,[3556]
YANAKIE,[3960]
WHITTLESEA,[3757]
TORRITA,[3490]
KANAGULK,[3401]
UPPER GUNDOWRING,[3691]
WOODSTOCK ON LODDON,[3551]
REDAN,[3350]
TORQUAY,[3228]
MORIAC,[3240]
GOWANFORD,[3544]
EXFORD,[3338]
GLENFALLOCH,[3858]
LINDSAY POINT,[3496]
MURCHISON EAST,[3610]
KARABEAL,[3294]
PIANGIL,[3597]
MELTON,[3337]
PRAHRAN,[3181]
HALLORA,[3818]
ARARAT,[3377]
BRUTHEN,[3885]
GISBORNE SOUTH,[3437]
STAWELL,[3380]
COTTLES BRIDGE,[3099]
LOCH,[3945]
TEMPLESTOWE,[3106]
MAIDEN GULLY,[3551]
BOOROOL,[3953]
LOCKSLEY,[3665]
HAZELWOOD SOUTH,[3840]
DINGWALL,[3579]
ST KILDA ROAD CENTRAL,[3004]
SARSFIELD,[3875]
MORDIALLOC,[3195]
ASPENDALE,[3195]
KALIMNA,[3909]
ALBERTON WEST,[3971]
SWIFTS CREEK,[3896]
MAILORS FLAT,[3275]
LINGA,[3509]
MARYVALE,[3840]
GRITJURK,[3315]
SPRINGBANK,[3352]
DALTONS BRIDGE,[3568]
BAMAWM EXTENSION,[3564]
GEELONG WEST,[3218]
DEDERANG,[3691]
MARIBYRNONG,[3032]
MOUNT HELEN,[3350]
SUTTON GRANGE,[3448]
SUNBURY,[3429]
MANNERIM,[3222]
SAILORS HILL,[3461]
RUBICON,[3712]
HAZELWOOD NORTH,[3840]
HOWITT PLAINS,[3858]
NORONG,[3682]
GARIBALDI,[3352]
WAVERLEY GARDENS,[3170]
AVALON,[3212]
NAVARRE,[3384]
BROOKLYN,[3012]
BAIRNSDALE,[3875]
TECOMA,[3160]
COBAW,[3442]
TAHARA BRIDGE,[3315]
LITTLE HAMPTON,[3458]
BARKERS CREEK,[3451]
BYLANDS,[3762]
ENFIELD,[3352]
GILBERTON,[3072]
HEIDELBERG RGH,[3081]
MOUNT MACEDON,[3441]
MOUNT MARTHA,[3934]
BARWITE,[3722]
COLLINGWOOD NORTH,[3066]
CARNEGIE,[3163]
MIOWERA,[3862]
GLENORMISTON,[3265]
CHILDERS,[3824]
BLACK ROCK NORTH,[3193]
CARAPOOK,[3312]
EVERTON,[3678]
PASTORIA EAST,[3444]
FITZROY,[3065]
OAKLANDS JUNCTION,[3063]
MIRRANATWA,[3294]
PORT ALBERT,[3971]
BONANG,[3888]
REGENT WEST,[3072]
LAKE TYRRELL,[3533]
LAKE MARMAL,[3525]
HAZELDENE,[3658]
WILLIAMSTOWN,[3016]
NUGGETTY,[3463]
KORONG VALE,[3520]
SHEPHERDS FLAT,[3461]
PIONEER BAY,[3984]
PASCHENDALE,[3315]
DOCKER,[3678]
TRAFALGAR,[3824]
TOTTINGTON,[3477]
LANDSBOROUGH WEST,[3384]
CARINGAL,[3825]
BARFOLD,[3444]
SURREY HILLS SOUTH,[3125]
KONONGWOOTONG,[3315]
PIPERS CREEK,[3444]
BANYULE,[3084]
CONGUPNA,[3633]
CROYDON HILLS,[3136]
HILLCREST,[3351]
WESTMEADOWS,[3049]
GREAT WESTERN,[3374]
MORRL MORRL,[3387]
HESKET,[3442]
EPSOM,[3551]
KANGAROO FLAT,[3555]
NORLANE,[3214]
THE SISTERS,[3265]
LINDENOW,[3865]
GLENROY,[3046]
TURRIFF EAST,[3488]
POUND CREEK,[3996]
ESSENDON NORTH,[3041]
RATHSCAR,[3465]
GLENHOPE EAST,[3522]
BELLBRIDGE,[3691]
WANGARATTA,"[3676, 3677]"
BIGGARA,[3707]
HAZELWOOD,[3840]
HAWKHURST,[3862]
WARNCOORT,[3243]
MARUNGI,[3634]
GILLIESTON,[3616]
TOORLOO ARM,[3909]
COLIGNAN,[3494]
LEONGATHA NORTH,[3953]
GOLDIE,[3435]
TOWONG UPPER,[3707]
CAULFIELD,[3162]
MOLLONGGHIP,[3352]
KILMORE EAST,[3764]
TARRENLEA,[3315]
RAGLAN,[3373]
WOORINEN,[3589]
WALLACE,[3352]
TRARALGON EAST,[3844]
MARONG,[3515]
NEWRY,[3859]
DOUBLE BRIDGES,[3893]
NORTHWOOD,[3660]
BENNISON,[3960]
GIFFARD WEST,[3851]
POOWONG EAST,[3988]
LEDCOURT,[3385]
CARAMUT,[3274]
HAWTHORN,[3122]
JACKASS FLAT,[3556]
NAR NAR GOON,[3812]
BUNGAREE,[3352]
NULLAWIL,[3529]
BRUNSWICK EAST,[3057]
TELANGATUK EAST,[3401]
WILLUNG SOUTH,[3847]
CONDAH,[3303]
CARRUM DOWNS,[3201]
MOUNT MERCER,[3352]
CHEROKEE,[3434]
BEMM RIVER,[3889]
KINYPANIAL,[3520]
PORTLAND NORTH,[3305]
TOM GROGGIN,[3707]
RAVENSWOOD,[3453]
CRAIGIE,[3465]
BUNG BONG,[3465]
GLENALADALE,[3864]
WAYGARA,[3888]
KYNETON,[3444]
COORIEMUNGLE,[3268]
ALEXANDRA,[3714]
MIRIMBAH,[3722]
GOWANGARDIE,[3669]
PRANJIP,[3666]
TERRICK TERRICK EAST,[3573]
ARDEER,[3022]
CASTLE DONNINGTON,[3585]
DEANS MARSH,[3235]
CAMBERWELL EAST,[3126]
BANKSIA PENINSULA,[3875]
HOTHAM HILL,[3051]
CARPENDEIT,[3260]
NARIEL VALLEY,[3707]
GLENGALA,[3020]
KOLORA,[3265]
LEITCHVILLE,[3567]
GUNYAH,[3960]
BUSHY PARK,[3860]
COONGULLA,[3860]
SKENES CREEK,[3233]
SERVICETON,[3420]
NORTH BLACKWOOD,[3458]
BALLIANG,[3340]
WYUNA EAST,[3620]
KEELY,[3568]
LAKE WENDOUREE,[3350]
CAVEAT,[3660]
SANDRINGHAM,[3191]
FORREST,[3236]
TOOLERN VALE,[3337]
WINNINDOO,[3858]
BASALT,[3460]
WATCHUPGA,[3485]
INDIGO VALLEY,[3688]
GOOROC,[3477]
MERTON,[3715]
VALENCIA CREEK,[3860]
CREMORNE,[3121]
AREEGRA,[3480]
WALKERVILLE,[3956]
EMU,[3475]
NURRABIEL,[3401]
KNOWSLEY,[3523]
BRANXHOLME,[3302]
NUNAWADING,[3131]
CALROSSIE,[3971]
MOLESWORTH,[3718]
WESBURN,[3799]
SOUTHERN CROSS,[3283]
NEWHAM,[3442]
LANGLEY,[3444]
BAMAWM,[3561]
SEPARATION CREEK,[3234]
BLAKEVILLE,[3342]
HOMERTON,[3304]
TONGALA,[3621]
LOGAN,[3475]
LLANELLY,[3551]
MATLOCK,[3723]
WESTMERE,[3351]
CROMER,[3193]
BENWERRIN,[3235]
CHELSEA HEIGHTS,[3196]
LEXTON,[3352]
TOL TOL,[3549]
WALLINGTON,[3222]
CRAIGIEBURN,[3064]
KERRIE,[3434]
CARDROSS,[3496]
KAARIMBA,[3635]
JOEL SOUTH,[3384]
TULKARA,[3384]
HAMPTON PARK,[3976]
SEAHOLME,[3018]
YANGERY,[3283]
BRUNSWICK NORTH,[3056]
SUNSHINE,[3020]
LALBERT,[3542]
MOORNGAG,[3673]
MARKWOOD,[3678]
MELBOURNE,"[3000, 3001, 3004]"
GNOTUK,[3260]
TABOR,[3289]
MITCHAM NORTH,[3132]
WOOD WOOD,[3596]
MINCHA WEST,[3568]
DREEITE,[3249]
BALLYROGAN,[3375]
SASSAFRAS,[3787]
WEST WODONGA,[3690]
LIMA EAST,[3673]
MYSIA,[3518]
TRUGANINA,[3029]
ELAINE,[3334]
WABONGA,[3678]
DIXONS CREEK,[3775]
MINIMAY,[3413]
RICHMOND EAST,[3121]
DARRAWEIT GUIM,[3756]
GUYS FOREST,[3709]
GENOA,[3891]
DOLLAR,[3871]
MURRAYDALE,[3586]
NARRAPORT,[3483]
DERGHOLM,[3312]
BEEAC,[3251]
ST KILDA WEST,[3182]
LAURISTON,[3444]
PARAPARAP,[3240]
SHEEP HILLS,[3392]
CARDINIA,[3978]
KATUNGA,[3640]
LITCHFIELD,[3480]
MERRICKS,[3916]
CARRON,[3480]
YEUNGROON EAST,[3525]
KATANDRA WEST,[3634]
KARDELLA SOUTH,[3950]
MOUNT WAVERLEY,[3149]
GEELONG NORTH,[3215]
TAHARA WEST,[3310]
MURRINDINDI,[3717]
TARADALE,[3447]
RUSHWORTH,[3612]
NURCOUNG,[3401]
TYLDEN,[3444]
BIRREGURRA,[3242]
BAYSWATER,[3153]
MOUTAJUP,[3294]
LOCH VALLEY,[3833]
MOE,[3825]
SUGARLOAF,[3234]
DALYSTON,[3992]
MERRIANG,[3737]
CATHCART,[3377]
TANJIL,[3825]
NULLA VALE,[3435]
ULTIMA EAST,[3544]
WENSLEYDALE,[3241]
NARRAWONG,[3285]
DELATITE,[3723]
BAXTER,[3911]
TARRAVILLE,[3971]
ROSEWHITE,[3737]
WOOLENOOK,[3860]
SARGOOD,[3858]
KIALLA,[3631]
LETHBRIDGE,[3332]
GOUGHS BAY,[3723]
SOUTH MELBOURNE,[3205]
GOLDEN BEACH,[3851]
MAFEKING,[3379]
GIFFARD,[3851]
ORBOST,[3888]
CURYO,[3483]
NEWBRIDGE,[3551]
BIG PATS CREEK,[3799]
COBDEN,[3266]
EAST BAIRNSDALE,[3875]
ELSTERNWICK,[3185]
CHEWTON,[3451]
EAGLEMONT,[3084]
ROBINSON,[3019]
STONEHAVEN,[3218]
WENDOUREE,[3355]
TOURELLO,[3363]
POOWONG NORTH,[3988]
TOOLONG,[3285]
COCAMBA,[3546]
MANDURANG SOUTH,[3551]
BORALMA,[3682]
TALLANDOON,[3701]
COLERAINE,[3315]
BLACKWOOD,[3458]
POMBORNEIT,[3260]
GENTLE ANNIE,[3833]
COLDSTREAM,[3770]
ASHWOOD,[3147]
UNDERA,[3629]
COBAINS,[3851]
MOUNT CAMEL,[3523]
BANNOCKBURN,[3331]
WARMUR,[3482]
ROKEBY,[3821]
BRAESIDE,[3195]
FYANS CREEK,[3381]
KINNABULLA,[3483]
MEPUNGA WEST,[3277]
NIRRANDA EAST,[3268]
TARRAWARRA,[3775]
RAVENSWOOD SOUTH,[3453]
ADDINGTON,[3352]
MORRISONS,[3334]
KINGS PARK,[3021]
OSBORNES FLAT,[3691]
DARLIMURLA,[3871]
CAROLINE SPRINGS,[3023]
ST KILDA EAST,[3183]
LONG GULLY,[3550]
LISMORE,[3324]
LONGLEA,[3551]
SASSAFRAS GULLY,[3787]
JOEL JOEL,[3384]
TRAFALGAR SOUTH,[3824]
BULGANA,[3377]
OAKLEIGH SOUTH,[3167]
VASEY,[3407]
MURRAYVILLE,[3512]
SERPENTINE,[3517]
YELLINGBO,[3139]
KOROBEIT,[3341]
MANDURANG,[3551]
TYNONG,[3813]
WILLENABRINA,[3393]
MITCHELL PARK,[3355]
WORROWING,[3858]
BIRCHIP WEST,[3483]
HALLAM,[3803]
CLUNES,[3370]
RIDDELLS CREEK,[3431]
GIL GIL,[3480]
RUTHERGLEN,[3685]
MAUDE,[3331]
MOUNTAIN GATE,[3156]
FLEMINGTON,[3031]
BENTLEIGH EAST,[3165]
WHITTINGTON,[3219]
CASTERTON,[3311]
NEWLYN NORTH,[3364]
BULLAHARRE,[3266]
MINYIP,[3392]
LAANECOORIE,[3463]
MURRABIT WEST,[3579]
JEERALANG JUNCTION,[3840]
BOOLA,[3825]
STRATHKELLAR,[3301]
HADDON,[3351]
HEIDELBERG HEIGHTS,[3081]
ARAPILES,[3409]
EGANSTOWN,[3461]
KING VALLEY,[3678]
DARGO,[3862]
W TREE,[3885]
MOUNT DRYDEN,[3381]
MUCKLEFORD,[3451]
BRENANAH,[3517]
MARNOO WEST,[3387]
WATSONIA NORTH,[3087]
BADDAGINNIE,[3670]
TYRENDARRA,[3285]
CLIFTON CREEK,[3875]
KEVINGTON,[3723]
BALOOK,[3971]
BIG HILL,"[3231, 3555]"
ROCKY POINT,[3377]
MCKENZIE CREEK,[3401]
BRANDITT,[3631]
TARRAWINGEE,[3678]
WARNE,[3530]
SHEANS CREEK,[3666]
WALKERVILLE NORTH,[3956]
MOUNT MORIAC,[3240]
PRINCES HILL,[3054]
CARRUM,[3197]
WILLAURA,[3379]
DHURRINGILE,[3610]
PEECHELBA EAST,[3678]
GLENLOTH EAST,[3527]
BEDFORD ROAD,[3135]
IRISHTOWN,[3451]
CROYDON SOUTH,[3136]
SUTTON,[3530]
KUNYUNG,[3930]
COLAC,[3250]
ROCHESTER,[3561]
HALLS GAP,[3381]
FREEBURGH,[3741]
LYAL,[3444]
NAROGHID,[3266]
GERMANTOWN,[3741]
WHEELERS HILL,[3150]
LAWLER,[3480]
TRAWALLA,[3373]
THORPDALE,[3835]
VERVALE,[3814]
NORTH MELBOURNE,[3051]
BENNETTSWOOD,[3125]
CAPE OTWAY,[3233]
EURACK,[3251]
SHEPPARTON,"[3630, 3632]"
MOORNAPA,[3862]
MITTA MITTA,[3701]
LITTLE RIVER,[3211]
WURRUK,[3850]
YAMBUK,[3285]
INVERMAY PARK,[3350]
BOORHAMAN NORTH,[3685]
THALLOO,[3825]
COPE COPE,[3480]
MORNINGTON,[3931]
MAINDAMPLE,[3723]
WEERING,[3251]
HUGHESDALE,[3166]
WALPA,[3875]
YARRAWONGA SOUTH,[3730]
SPRINGDALLAH,[3351]
POWERS CREEK,[3312]
WISELEIGH,[3885]
LANGI LOGAN,[3377]
CROSS KEYS,[3041]
DAWSON,[3858]
ADA,[3833]
OAKLEIGH,[3166]
SEA LAKE,[3533]
ICY CREEK,[3833]
CHURCHILL ISLAND,[3925]
HAZEL PARK,[3966]
WOORARRA EAST,[3962]
BOX HILL SOUTH,[3128]
SWAN MARSH,[3249]
HINNOMUNJIE,[3898]
KEW,[3101]
KEILOR,[3036]
WOOTONG VALE,[3315]
TIMBARRA,[3885]
MUNTHAM,[3315]
KATAMATITE,[3649]
BOOLITE,[3392]
ASHBOURNE,[3442]
TINTALDRA,[3708]
ARCADIA,[3631]
PORT MELBOURNE,[3207]
NEWLANDS ARM,[3875]
MOONEE PONDS,[3039]
MILLOO,[3572]
TYABB,[3913]
WATSONIA,[3087]
MOUNT BURNETT,[3781]
RIPPLEBROOK,[3818]
NORMANVILLE,[3579]
UPPER FERNTREE GULLY,[3156]
CALLIGNEE SOUTH,[3844]
RICH AVON WEST,[3480]
BENAYEO,[3319]
SYNDAL,[3149]
PASCOE VALE,[3044]
TALGARNO,[3691]
WHITLANDS,[3678]
HAMLYN HEIGHTS,[3215]
MOUNT NAPIER,[3301]
DIGBY,[3309]
MERNDA,[3754]
BRIGHTON EAST,[3187]
HOPETOUN PARK,[3340]
BET BET,[3472]
HOUSTON,[3128]
TYLDEN SOUTH,[3444]
YANDO,[3537]
DUNNSTOWN,[3352]
MANANGATANG,[3546]
PIRA,[3585]
TEESDALE,[3328]
CATANI,[3981]
WESTBY,[3579]
ARBUCKLE,[3858]
KARINGAL CENTRE,[3199]
OAKLEIGH EAST,[3166]
GLENTHOMPSON,[3293]
ATHLONE,[3818]
DARNUM,[3822]
NEERIM SOUTH,[3831]
SOUTH KINGSVILLE,[3015]
CONDAH SWAMP,[3286]
WAUBRA,[3352]
GOROKE,[3412]
GIRGARRE,[3624]
WYE RIVER,[3234]
CALULU,[3875]
CARAG CARAG,[3623]
HOMEWOOD,[3717]
NARRE WARREN NORTH,[3804]
BULLENGAROOK,[3437]
NURRAN,[3888]
TIDAL RIVER,[3960]
SAMARIA,[3673]
KARNAK,[3401]
YANDOIT,[3461]
COBBERAS,[3900]
RATHSCAR WEST,[3465]
GREENDALE,[3341]
DINNER PLAIN,[3898]
POMBORNEIT NORTH,[3260]
GOWER,[3463]
BELGRAVE HEIGHTS,[3160]
CARBOOR,[3678]
COOMBOONA,[3629]
KOONOOMOO,[3644]
ALBANVALE,[3021]
BALNARRING BEACH,[3926]
WALLINDUC,[3351]
TURRIFF,[3488]
CAPELS CROSSING,[3579]
BUCKLEY,[3240]
LAKE EPPALOCK,[3551]
MUSKERRY,[3557]
MACORNA,[3579]
PASCOE VALE SOUTH,[3044]
RINGWOOD EAST,[3135]
MOONEE VALE,[3055]
CLONBINANE,[3658]
WOODFORD,[3281]
DRUMMOND,[3461]
CORNDALE,[3311]
ELDORADO,[3746]
NARBETHONG,[3778]
LAEN,[3480]
ROBINVALE IRRIGATION DISTRICT SECTION B,[3549]
ELLIMINYT,[3250]
BITTERN,[3918]
RHEOLA,[3517]
GLENBURN,[3717]
EUREKA,[3350]
GLENAIRE,[3238]
CARLTON SOUTH,[3053]
CANADIAN,[3350]
SCOTSBURN,[3352]
NOBLE PARK,[3174]
WOLLERT,[3750]
POREPUNKAH,[3740]
DEER PARK EAST,[3022]
DURDIDWARRAH,[3342]
BAEL BAEL,[3579]
MORTON PLAINS,[3482]
GILLUM,[3858]
BRIDGEWATER NORTH,[3516]
MOUNT ECCLES SOUTH,[3953]
KOETONG,[3704]
BARKLY,[3384]
MOUNT TOOLEBEWONG,[3777]
RAWSON,[3825]
GREENHILL,[3444]
GRASSDALE,[3302]
SEDGWICK,[3551]
FAIRY DELL,"[3561, 3875]"
PRESTON SOUTH,[3072]
WYCHEPROOF SOUTH,[3527]
INVERGORDON,[3636]
THORNTON,[3712]
GLENBRAE,[3352]
DERRINALLUM,[3325]
PAKENHAM,[3810]
WUK WUK,[3875]
CALLIGNEE NORTH,[3844]
WANDELLA,[3579]
HESSE,[3321]
SANDY POINT,[3959]
PANTON HILL,[3759]
BIG DESERT,[3490]
DREEITE SOUTH,[3249]
HIGHPOINT CITY,[3032]
KNOX CITY CENTRE,[3152]
TIMOR,[3465]
TYNTYNDER SOUTH,[3586]
CALIVIL,[3573]
PORTLAND,[3305]
MOUNT BULLER,[3723]
ST HELENA,[3088]
SYDENHAM,[3037]
WHARPARILLA,[3564]
PINE VIEW,[3579]
BEVERIDGE,[3753]
RIVERSLEA,[3860]
MOUNT ECCLES,[3953]
WARATAH BAY,[3959]
BOXWOOD,[3725]
CRESSY,[3322]
MURTOA,[3390]
INKERMAN,[3472]
NHILL,[3418]
MERBEIN SOUTH,[3505]
BAHGALLAH,[3312]
TOORONGA,[3146]
BURWOOD EAST,[3151]
BRIGHTON NORTH,[3186]
MOORABBIN EAST,[3189]
CARDIGAN VILLAGE,[3352]
BELGRAVE SOUTH,[3160]
CAMBRIAN HILL,[3352]
LAKE GARDENS,[3355]
SURREY HILLS,[3127]
LILLICUR,[3371]
GREEN GULLY,[3462]
CARALULUP,[3371]
ECHUCA VILLAGE,[3564]
ULLINA,[3370]
IRONBARK,[3550]
WINTER VALLEY,[3358]
ROSE RIVER,[3678]
STRATHEWEN,[3099]
GREDGWIN,[3537]
BLACKBURN,[3130]
MARCUS HILL,[3222]
WOMBELANO,[3409]
NERRING,[3373]
WARANGA,[3616]
COROROOKE,[3254]
STRATHDALE,[3550]
GRETA WEST,[3675]
MURCHISON NORTH,[3610]
BURROWYE,[3709]
BALLARAT NORTH,[3350]
GREENS CREEK,[3387]
NORVAL,[3377]
SOMERS,[3927]
FOSTER NORTH,[3960]
HENSLEY PARK,[3301]
KULWIN,[3490]
CASTLE CREEK,[3691]
HARRIETVILLE,[3741]
CHELTENHAM,[3192]
HAMILTON,[3300]
MIGA LAKE,[3409]
BLOWHARD,[3352]
LANDSBOROUGH,[3384]
PURDEET,[3289]
MOUNT RICHMOND,[3305]
BELLELLEN,[3381]
GRANITE ROCK,[3875]
BONEGILLA,[3691]
DUNROBIN,[3312]
LAH,[3393]
HARROW,[3317]
DUMBALK,[3956]
WON WRON,[3971]
WOOLSHED FLAT,[3518]
SALE,"[3850, 3853]"
MICKLEHAM,[3064]
WYCHEPROOF,[3527]
ARNOLD,[3551]
MYWEE,[3641]
GLENORMISTON NORTH,[3265]
THOLOGOLONG,[3691]
ROWVILLE,[3178]
KOTTA,[3565]
PRESTON,[3072]
BAILIESTON,[3608]
BEAZLEYS BRIDGE,[3477]
BREAMLEA,[3227]
DUNKELD,[3294]
BARUNAH PARK,[3329]
PIEDMONT,[3833]
GOLDSBOROUGH,[3472]
WYNDHAM VALE,[3024]
RUNNYMEDE,[3558]
FRANKSTON SOUTH,[3199]
WILSONS HILL,[3515]
CHRISTMAS HILLS,[3775]
LAMPLOUGH,[3352]
ABBEYARD,[3737]
HMAS CERBERUS,[3920]
BLAMPIED,[3364]
BRIMBOAL,[3312]
CHINANGIN,[3544]
GIRGARRE EAST,[3616]
STRATH CREEK,[3658]
FAIRLEY,[3579]
SEATON,[3858]
HEATHMONT,[3135]
MOUNT SABINE,[3236]
ASCOT VALE,[3032]
SANDHURST EAST,[3550]
WANGARABELL,[3891]
NEUARPURR,[3413]
MURROON,[3243]
TRAYNORS LAGOON,[3477]
ST KILDA,[3182]
HEPBURN SPRINGS,[3461]
GOORAMBAT,[3725]
GOOMALIBEE,[3673]
BASS,[3991]
NARINGAL,[3277]
SWANWATER,[3477]
MERRICKS BEACH,[3926]
KALIMNA WEST,[3909]
KOTUPNA,[3638]
CRANBOURNE EAST,[3977]
CASTELLA,[3777]
GOLDEN SQUARE,[3555]
TYRRELL DOWNS,[3533]
SYLVATERRE,[3575]
ST LEONARDS,[3223]
POMONAL,[3381]
ROSEDALE,[3847]
FERNTREE GULLY,[3156]
DONVALE,[3111]
CARLTON NORTH,[3054]
HENTY,[3312]
BERRINGA,[3351]
GARDEN CITY,[3207]
SOUTH MORANG,[3752]
ST ALBANS PARK,[3219]
BAW BAW VILLAGE,[3833]
BROADLANDS,[3875]
GILDEROY,[3797]
SHALLOW INLET,[3960]
GLENLUCE,[3451]
RED HILL SOUTH,[3937]
BADGER CREEK,[3777]
AVONSLEIGH,[3782]
BACCHUS MARSH,[3340]
NANDALY,[3533]
JACK RIVER,[3971]
BOOKAAR,[3260]
WURDIBOLUC,[3241]
WHITEHEADS CREEK,[3660]
MALMSBURY,[3446]
YEA,[3717]
BAYNTON,[3444]
JEETHO,[3945]
TARNEIT,[3029]
WARRNAMBOOL,[3280]
RAINBOW,[3424]
DRUMCONDRA,[3215]
ENSAY,[3895]
BEULAH,[3395]
NATYA,[3597]
SOUTH DUDLEY,[3995]
HORFIELD,[3567]
KNOXFIELD,[3180]
GOORAM,[3666]
MULGRAVE,[3170]
TIMBOON,[3268]
CAULFIELD NORTH,[3161]
SHEPPARTON NORTH,[3631]
NANNEELLA,[3561]
OAKVALE,[3540]
MILL PARK,[3082]
CURLEWIS,[3222]
BELMONT,[3216]
CALLIGNEE,[3844]
MOLOGA,[3575]
UPTON HILL,[3664]
WAHRING,[3608]
DEVON NORTH,[3971]
WATCHEM WEST,[3482]
MCMILLANS,[3568]
GLENDARUEL,[3363]
GEELONG MC,[3221]
CONNEWIRRICOO,[3318]
NOWHERE CREEK,[3469]
TAWONGA SOUTH,[3698]
MIEPOLL,[3666]
RUPANYUP,[3388]
MYRTLEFORD,"[3736, 3737]"
CHERRYPOOL,[3401]
WANGARATTA FORWARD,[3678]
MARNOO EAST,[3477]
BRUNSWICK LOWER,[3056]
TRIDA,[3953]
BRODRIBB RIVER,[3888]
COSGROVE SOUTH,[3631]
BREWSTER,[3352]
WATTLE CREEK,[3384]
BURWOOD,[3125]
BARONGAROOK,[3249]
MERRIGUM,[3618]
FUMINA,[3825]
RICHMOND,[3121]
LAKE POWELL,[3597]
FINGAL,[3939]
WALWA,[3709]
WYCHITELLA NORTH,[3525]
CLEMATIS,[3782]
MIRALIE,[3596]
WAL WAL,[3385]
CHARLTON,[3525]
WINNAMBOOL,[3546]
BATHUMI,[3730]
PYALONG,[3521]
HIAMDALE,[3847]
BOORCAN,[3265]
MOUNT BOLTON,[3352]
PARADISE BEACH,[3851]
CANN RIVER,[3890]
TARWIN LOWER,[3956]
MYAMYN,[3304]
HEATHMERE,[3305]
PORTARLINGTON,[3223]
BRIDGEWATER,[3516]
CARAPOOEE,[3477]
FLAMINGO BEACH,[3851]
NEWTOWN,"[3220, 3351]"
REEDY LAKE,[3579]
SMEATON,[3364]
STUART MILL,[3477]
PAKENHAM UPPER,[3810]
KENSINGTON,[3031]
BOORHAMAN EAST,[3678]
TALLAROOK,[3659]
MARNOO,[3387]
POOTILLA,[3352]
TINAMBA WEST,[3859]
ARMADALE NORTH,[3143]
CROYDON NORTH,[3136]
TOTTENHAM,[3012]
NEW GISBORNE,[3438]
LOVELY BANKS,[3213]
GRAYS BRIDGE,[3477]
GUNBOWER,[3566]
DURHAM LEAD,[3352]
MOUNT TASSIE,[3844]
FERNSHAW,[3778]
DEPTFORD,[3875]
NORTH WARRANDYTE,[3113]
POLISBET,[3585]
LAKE BOLAC,[3351]
GANNAWARRA,[3568]
STACEYS BRIDGE,[3971]
BARRAPORT WEST,[3537]
SHOREHAM,[3916]
YARRUNGA,[3677]
GARVOC,[3265]
CARLYLE,[3685]
BURWOOD HEIGHTS,[3151]
MARAMINGO CREEK,[3891]
LEIGH CREEK,[3352]
WARRAYURE,[3301]
LAKE GOLDSMITH,[3373]
HARKAWAY,[3806]
MOUNT LONARCH,[3468]
BETLEY,[3472]
SUNSHINE NORTH,[3020]
ARCHDALE JUNCTION,[3475]
TANGAMBALANGA,[3691]
LINDSAY,[3312]
DOCKLANDS,[3008]
KERRIMUIR,[3129]
BERRIWILLOCK,[3531]
SPRINGVALE,[3171]
ELTHAM NORTH,[3095]
BANGHOLME,[3175]
WOORI YALLOCK,[3139]
PERRY BRIDGE,[3862]
BARUNAH PLAINS,[3329]
TONGHI CREEK,[3890]
NARRUNG,[3597]
PANITYA,[3512]
LURG,[3673]
KALORAMA,[3766]
BALLAPUR,[3483]
NUTFIELD,[3099]
ROBINVALE,[3549]
WIMBLEDON HEIGHTS,[3922]
BUCKLEY SWAMP,[3301]
THREE BRIDGES,[3797]
BORONIA,[3155]
BRIGHTON,[3186]
LALOR,[3075]
CLAYTON SOUTH,[3169]
ROWSLEY,[3340]
TRAVANCORE,[3032]
MOOROOPNA,[3629]
BROMLEY,[3472]
NALANGIL,[3249]
MAIN LEAD,[3373]
DARLING,[3145]
KIATA,[3418]
WAGGARANDALL,[3646]
THE HONEYSUCKLES,[3851]
YARROWEYAH,[3644]
AXE CREEK,[3551]
MYRNIONG,[3341]
BOOLARRA SOUTH,[3870]
RYE,[3941]
MARDAN,[3953]
BARRABOOL,[3221]
BONN,[3561]
BARANDUDA,[3691]
HILGAY,[3315]
TONGIO,[3896]
NORTH BENDIGO,[3550]
FISH POINT,[3585]
TAMBO UPPER,[3885]
CHANDLERS CREEK,[3890]
KINGSVILLE,[3012]
DROUIN WEST,[3818]
HATTAH,[3501]
BURAGWONDUC,[3858]
CANNIE,[3540]
BALD HILLS,[3364]
KOOROOCHEANG,[3364]
WOOSANG,[3518]
TONIMBUK,[3815]
MCKENZIE HILL,[3451]
GLENROWAN,[3675]
WOORARRA WEST,[3960]
MYSTIC PARK,[3579]
PIMPINIO,[3401]
CORONET BAY,[3984]
KANUMBRA,[3719]
DEEPDENE,[3103]
BULART,[3314]
MOORA,[3612]
BALWYN EAST,[3103]
MOUNT HOTHAM,[3741]
BOLWARRA,[3305]
WILLATOOK,[3283]
TOOLLEEN,[3551]
ST ALBANS,[3021]
EAST WANGARATTA,[3678]
LONDRIGAN,[3678]
MARTHAVALE,[3875]
VESPER,[3833]
BENJEROOP,[3579]
ST ARNAUD,[3478]
JOHNSONVILLE,[3902]
BONNIE BROOK,[3335]
BRADFORD,[3463]
ESSENDON WEST,[3040]
MAGPIE,[3352]
MERRIJIG,"[3723, 3875]"
SMITHS BEACH,[3922]
KARYRIE,[3483]
SWAN REACH,[3903]
SOMERVILLE,[3912]
PORCUPINE RIDGE,[3461]
MITTYACK,[3490]
LARPENT,[3249]
CAMBARVILLE,[3779]
MCKINNON,[3204]
NULLAWARRE,[3268]
BEACONSFIELD,[3807]
BOWSER,[3678]
BUFFALO,[3958]
MCINTYRE,[3472]
BARMAH,[3639]
HUNTLY,[3551]
BARWIDGEE,[3737]
PATCHEWOLLOCK,[3491]
TEDDYWADDY,[3527]
CULGOA,[3530]
TANYBRYN,[3249]
WONGA PARK,[3115]
ABERFELDIE,[3040]
TIMMERING,[3561]
COWLEYS CREEK,[3268]
GAPSTED,[3737]
NATTE YALLOCK,[3465]
WULGULMERANG,[3885]
HAWKESDALE,[3287]
DUNNEWORTHY,[3377]
CORACK,[3480]
LOY YANG,[3844]
COHUNA,[3568]
WALHALLA EAST,[3825]
DRYSDALE,[3222]
BAKERY HILL,"[3350, 3354]"
BUNGAL,[3334]
WANDANA HEIGHTS,[3216]
HOWQUA HILLS,[3723]
SOMERTON,[3062]
PATTERSON LAKES,[3197]
WOORAGEE,[3747]
PORTSEA,[3944]
BURRAMINE SOUTH,[3730]
LAWLOIT,[3418]
ROSEBUD PLAZA,[3939]
WANDO VALE,[3312]
WANGOOM,[3279]
WEERITE,[3260]
TARWIN,[3956]
FRANKSTON EAST,[3199]
SKIBO,[3260]
CULLULLERAINE,[3496]
SULKY,[3352]
RAVENHALL,[3023]
KARDELLA,[3951]
NAREEWILLOCK,[3525]
GIPSY POINT,[3891]
MALVERN,[3144]
TOONGABBIE,[3856]
LONGERENONG,[3401]
SHERBROOKE,[3789]
SURF BEACH,[3922]
TOSTAREE,[3888]
WEEAPROINAH,[3237]
LOWER PLENTY,[3093]
DUNEARN,[3175]
WARRONG,[3283]
SKIPTON,[3361]
SPEEWA,[3585]
COWES,[3922]
BAYLES,[3981]
BUNGADOR,[3260]
NAGAMBIE,[3608]
ROMSEY,[3434]
TYAAK,[3658]
KAWARREN,[3249]
SAILORS FALLS,[3461]
GLENPATRICK,[3469]
SANDHURST,[3977]
CULLA,[3315]
WARRENBAYNE,[3670]
DAYLESFORD,[3460]
RICHMOND PLAINS,[3518]
HEATHCOTE,[3523]
BUNDALONG SOUTH,[3730]
YALLOURN,[3825]
NAMBROK,[3847]
THOMSON,"[3219, 3825]"
BARNAWARTHA NORTH,[3691]
SHAYS FLAT,[3377]
VAUGHAN,[3451]
PURA PURA,[3271]
GORAE,[3305]
POMBORNEIT EAST,[3249]
MOUNT BECKWORTH,[3363]
ALLENDALE,[3364]
WANGANDARY,[3678]
DEWHURST,[3808]
MURRA WARRA,[3401]
PYRAMID HILL,[3575]
ESSENDON,[3040]
MINERS REST,[3352]
YABBA NORTH,[3646]
MCMAHONS CREEK,[3799]
BAMGANIE,[3333]
ANGLESEA,[3230]
WATERGARDENS,[3038]
MALDON,[3463]
ECHUCA SOUTH,[3564]
BUNGULUKE,[3527]
BRIAGOLONG,[3860]
TOOLAMBA,[3614]
NUNNIONG,[3896]
KELVIN VIEW,[3666]
BRANDON PARK,[3150]
APSLEY,[3319]
SPRING HILL,[3444]
MURPHYS CREEK,[3551]
NOBLE PARK NORTH,[3174]
STAFFORDSHIRE REEF,[3351]
HOMEBUSH,[3465]
NINTINGBOOL,[3351]
PITFIELD,[3351]
JAN JUC,[3228]
WOODEND,[3442]
BURNSIDE,[3023]
GLENORMISTON SOUTH,[3265]
LANGI KAL KAL,[3352]
WINTON NORTH,[3673]
EDGECOMBE,[3444]
ST HELENS,[3285]
KINGLAKE WEST,[3757]
GRE GRE NORTH,[3477]
GOLDEN GULLY,[3555]
YULECART,[3301]
GLENROWAN WEST,[3675]
KOOREH,[3477]
ROSLYNMEAD,[3564]
MITCHELLSTOWN,[3608]
HOPETOUN GARDENS,[3162]
FRANKSTON,[3199]
ELIZABETH ISLAND,[3921]
LIPAROO,[3549]
KENNETT RIVER,[3234]
CAMBERWELL NORTH,[3124]
MOORABBIN AIRPORT,[3194]
JILPANGER,[3409]
GLOMAR BEACH,[3851]
LEMNOS,[3631]
HEALESVILLE,[3777]
HORSHAM,"[3400, 3402]"
DONCASTER HEIGHTS,[3109]
HOWES CREEK,[3723]
BAGSHOT NORTH,[3551]
GELANTIPY,[3885]
MAJOR PLAINS,[3725]
HOLMESGLEN,[3148]
COWANGIE,[3506]
COLAC WEST,[3250]
PASTORIA,[3444]
KINGOWER,[3517]
MACORNA NORTH,[3568]
MUMBANNAR,[3304]
MONT ALBERT NORTH,[3129]
NARRE WARREN EAST,[3804]
DUCHEMBEGARRA,[3409]
NORTH ROAD,[3187]
YUULONG,[3237]
TARNAGULLA,[3551]
HIGHLANDS,[3660]
TATONG,[3673]
HEATHCOTE JUNCTION,[3758]
PETTICOAT CREEK,[3233]
TRARALGON,[3844]
LUBECK,[3385]
BENLOCH,[3435]
TENNYSON,[3572]
CORAL BANK,[3691]
BONNIE DOON,[3720]
ROCKLYN,[3364]
MOYARRA,[3951]
GISBORNE,[3437]
PORT WELSHPOOL,[3965]
FOSTER,[3960]
WHITELAW,[3950]
EDI,[3678]
HEATHWOOD,[3134]
MOUNT DUNEED,[3217]
MERINO,[3310]
LAL LAL,[3352]
STREATHAM,[3351]
BURKES BRIDGE,[3568]
PIGGOREET,[3351]
GROVEDALE,[3216]
BERWICK,[3806]
BARONGAROOK WEST,[3249]
ROCKLANDS,[3401]
GUNDOWRING,[3691]
WYELANGTA,[3237]
CAMPBELLFIELD,[3061]
KENNINGTON,[3550]
DARRIMAN,[3851]
ALBACUTYA,[3424]
DUVERNEY,[3323]
STRATHFIELDSAYE,[3551]
MOUNT ELIZA,[3930]
SEDDON,[3011]
NEWBOROUGH,[3825]
YARRA GLEN,[3775]
ARCHDALE,[3475]
GARDENVALE,[3185]
DROUIN,[3818]
TYRRELL,[3533]
BALNARRING,[3926]
GOONGERAH,[3888]
RINGWOOD NORTH,[3134]
WARBURTON,[3799]
FERGUSON,[3237]
CHILLINGOLLAH,[3585]
THORNHILL PARK,[3335]
STAWELL WEST,[3380]
JOHANNA,[3238]
SEYMOUR,"[3660, 3661]"
DENVER,[3461]
KALKEE,[3401]
CURDIES RIVER,[3268]
UNDERBOOL,[3509]
WOOROONOOK,[3525]
CAPE CONRAN,[3888]
ELMHURST,[3469]
FAWKNER,[3060]
CROOKED RIVER,[3862]
ST ARNAUD NORTH,[3477]
VIOLET TOWN,[3669]
BENA,[3946]
KOORLONG,[3501]
MACS COVE,[3723]
MOOROOPNA NORTH WEST,[3616]
MOGLONEMBY,[3666]
CHUM CREEK,[3777]
BOWENVALE,[3465]
BLACK RANGE,[3381]
WARRABKOOK,[3286]
GOON NURE,[3875]
BEENAK,[3139]
TRENTHAM EAST,[3458]
BELLFIELD,"[3081, 3381]"
BALWYN,[3103]
COROP WEST,[3558]
KOROOP,[3579]
BANNERTON,[3549]
BOCHARA,[3301]
SELWYN,[3737]
KOONDROOK,[3580]
SILVAN,[3795]
GLEN HUNTLY,[3163]
CHETWYND,[3312]
IRREWARRA,[3249]
ECHUCA,[3564]
BUDGERUM EAST,[3579]
TALLANGATTA EAST,[3700]
FIELDSTONE,[3024]
CHAPEL FLAT,[3352]
MOORABOOL,[3213]
YALLOURN NORTH,[3825]
CROWLANDS,[3377]
MELBOURNE UNIVERSITY,[3052]
MITCHAM,[3132]
HAMPTON EAST,[3188]
ARGYLE,[3523]
CRESWICK,[3363]
MOUNT PROSPECT,[3364]
DIMBOOLA,[3414]
GEORGES CREEK,[3700]
SEACOMBE,[3851]
FRANKSTON HEIGHTS,[3199]
CHOCOLYN,[3260]
BAROMI,[3871]
MOYHU,[3732]
GLEN ALVIE,[3979]
GROVEDALE EAST,[3216]
MONEGEETTA,[3433]
LAKE ROWAN,[3727]
BLIND BIGHT,[3980]
YANGOURA,[3858]
TAHARA,[3301]
PURNIM,[3278]
WOODLEIGH,[3945]
TOOLANGI,[3777]
NAYOOK,[3832]
GELLIONDALE,[3971]
ILLOWA,[3282]
CUNDARE NORTH,[3251]
NINDA,[3533]
SMYTHESDALE,[3351]
BARINGHUP,[3463]
ULTIMA,[3544]
INGLISTON,[3342]
GLENFERRIE SOUTH,[3122]
KANGAROO GROUND,[3097]
EASTVILLE,[3463]
COBRICO,[3266]
INGLEWOOD,[3517]
WHOROULY,[3735]
MONT ALBERT,[3127]
LAKE EILDON,[3713]
MAINTONGOON,[3714]
WILBY,[3728]
RIGGS CREEK,[3666]
PUCKAPUNYAL,[3662]
MEATIAN,[3585]
EVANSFORD,[3371]
LODDON VALE,[3575]
POINT LEO,[3916]
DENDY,[3186]
GERMANIA,[3387]
WINJALLOK,[3477]
ROCKBANK,[3335]
ALBERTON,[3971]
ELTHAM,[3095]
JARVIS CREEK,[3700]
TOOLAMBA WEST,[3614]
SANDHILL LAKE,[3579]
NORTH SHORE,[3214]
LAKE HUME VILLAGE,[3691]
SALE EAST RAAF,[3852]
FAIRHAVEN,[3231]
MARYKNOLL,[3812]
TORWOOD,[3821]
SPOTSWOOD,[3015]
HERNE HILL,[3218]
WATERLOO,[3373]
SWANWATER WEST,[3480]
UPWEY,[3158]
HEPBURN,[3461]
BALLIANG EAST,[3340]
EVERTON UPPER,[3678]
LARDNER,[3821]
GLADSTONE PARK,[3043]
GLENLOGIE,[3469]
SANDY CREEK,[3695]
HEATHERTON,[3202]
BERRYS CREEK,[3953]
CORRINGLE,[3888]
BUNDARA,[3898]
LYNDHURST,[3975]
ALBION,[3020]
MININERA,[3351]
MOUNT HOOGHLY,[3472]
YARRAGON,[3823]
VERMONT,[3133]
WEST FOOTSCRAY,[3012]
MARENGO,[3233]
MIDDLE TARWIN,[3956]
IRYMPLE,[3498]
WESTBURY,[3825]
SWAN ISLAND,[3225]
CHIRRIP,[3525]
FULHAM,[3851]
WINDERMERE,[3352]
LEAGHUR,[3537]
NORTHLAND CENTRE,[3072]
PARADISE,[3477]
ALLANS FLAT,[3691]
CRYMELON,[3393]
MOUNT COLE,[3377]
KURTING,[3517]
TOORADIN,[3980]
KURRACA WEST,[3518]
SIMPSONS CREEK,[3888]
LOCKWOOD,[3551]
BANGERANG,[3393]
GOLDEN POINT,"[3350, 3451, 3465]"
COBBANNAH,[3862]
KERANG,[3579]
MODELLA,[3816]
WAIL,[3401]
LINTON,[3360]
DORODONG,[3312]
KOORNALLA,[3844]
TARRINGTON,[3301]
HEALESVILLE MAIN STREET,[3777]
AMPHITHEATRE,[3468]
TITTYBONG,[3542]
KENLEY,[3597]
MOUNT BRUNO,[3675]
HARSTON,[3616]
NYRRABY,[3585]
ST KILDA SOUTH,[3182]
MUSK VALE,[3461]
KEILOR EAST,[3033]
PENNYROYAL,[3235]
LARRALEA,[3325]
CALIFORNIA GULLY,[3556]
WARRAGUL,[3820]
CUDGEE,[3265]
TOWAN,[3596]
GRUYERE,[3770]
GLEN CREEK,[3691]
METUNG,[3904]
VIEWBANK,[3084]
SPRINGVALE SOUTH,[3172]
MARSHALL,[3216]
NERRIN NERRIN,[3351]
SHEPPARTON SOUTH,[3630]
JANCOURT EAST,[3266]
SUNDERLAND BAY,[3922]
BUNGALALLY,[3401]
TEMPLESTOWE LOWER,[3107]
CRANBOURNE WEST,[3977]
BRUNSWICK SOUTH,[3055]
INVERLEIGH,[3321]
NELSON,[3292]
SIMSON,[3465]
BELL POST HILL,[3215]
GOWANBRAE,[3043]
LAVERS HILL,[3238]
SHANNONVALE,[3898]
STONY CREEK,"[3371, 3957]"
CARRAJUNG SOUTH,[3844]
WATSONS CREEK,[3097]
TAYLORS LAKES,[3038]
MEDLYN,[3478]
BARNAWARTHA,[3688]
GORMANDALE,[3873]
DENICULL CREEK,[3377]
GRAND RIDGE,[3870]
REYNARD,[3858]
KONGWAK,[3951]
METCALFE EAST,[3444]
KARRAMOMUS,[3631]
MOUNT ROWAN,[3352]
KALLISTA,[3791]
WHOOREL,[3243]
KILLARNEY,[3283]
UPOTIPOTPON,[3669]
SEABROOK,[3028]
TAROON,[3265]
WINNAP,[3304]
JAMIESON,[3723]
TELFORD,[3730]
AUCHMORE,[3570]
NYAH,[3594]
CARRAJUNG,[3844]
DOOKIE,[3646]
HOLLANDS LANDING,[3862]
CRIB POINT,[3919]
CANNONS CREEK,[3977]
BRENTFORD SQUARE,[3131]
WOOLSTHORPE,[3276]
RICH AVON EAST,[3480]
BEVERFORD,[3590]
GRANITE FLAT,[3525]
APOLLO BAY,[3233]
REEFTON,[3799]
JINDIVICK,[3818]
BEECH FOREST,[3237]
ARDMONA,[3629]
RANCEBY,[3951]
FARADAY,[3451]
HILL END,[3825]
GLENGARRY WEST,[3854]
SAILORS GULLY,[3556]
METCALFE,[3448]
IONA,[3815]
MOUNT EMU,[3351]
BANYENA,[3388]
BURNEWANG,[3558]
WICKLIFFE,[3379]
CAVENDISH,[3314]
HEYWOOD,[3304]
IRAAK,[3494]
RIPPONLEA,[3185]
MOONAMBEL,[3478]
LAKE CHARM,[3581]
LAANG,[3265]
ROKEWOOD JUNCTION,[3351]
WHROO,[3612]
DOOKIE COLLEGE,[3647]
SMITHS GULLY,[3760]
GLEN WILLS,[3898]
CRESWICK NORTH,[3363]
YARCK,[3719]
LAHARUM,[3401]
BOLINDA,[3432]
COLLINGWOOD,[3066]
COSGROVE,[3631]
BURRAMBOOT,[3559]
WATERHOLES,[3875]
QUANTONG,[3401]
CLUB TERRACE,[3889]
WONGARRA,[3234]
CADELLO,[3442]
MERBEIN WEST,[3505]
NEWLYN,[3364]
BULLIOH,[3700]
DENISON,[3858]
TYNONG NORTH,[3813]
TRESCO,[3583]
BLACKHEATH,[3401]
WARRION,[3249]
WULGULMERANG WEST,[3885]
SUNDAY CREEK,[3658]
BRUCKNELL,[3268]
GOBARUP,[3559]
ENOCHS POINT,[3723]
BERRYBANK,[3323]
MOYSTON,[3377]
WEHLA,[3518]
STEELS CREEK,[3775]
BRAVINGTON,[3821]
SLATY CREEK,[3477]
BAYINDEEN,[3375]
MOUNT ALFRED,[3709]
ASCOT,"[3364, 3551]"
GREENSBOROUGH,[3088]
STAUGHTON VALE,[3340]
MINHAMITE,[3287]
MADDINGLEY,[3340]
TAYLORS HILL,[3037]
SAFETY BEACH,[3936]
DUTTON WAY,[3305]
ERRINUNDRA,[3889]
GREENVALE,[3059]
ALTONA EAST,[3025]
SEAFORD,[3198]
IRREWILLIPE EAST,[3249]
FLOWERDALE,[3717]
BURRAMINE,[3730]
BOSTOCKS CREEK,[3260]
EPPING,[3076]
CALDER PARK,[3037]
BETE BOLONG NORTH,[3888]
BRIGHT,[3741]
MAROONA,[3377]
GREAT SOUTHERN,[3685]
MALLACOOTA,[3892]
MOLKA,[3666]
KYVALLEY,[3621]
WEDDERBURN JUNCTION,[3518]
TYERS,[3844]
HUNTERSTON,[3971]
DALES CREEK,[3341]
CAMPBELLTOWN,[3364]
WINSLOW,[3281]
CARGERIE,[3334]
CHEPSTOWE,[3351]
BULLARTO SOUTH,[3461]
DROPMORE,[3660]
BALMATTUM,[3666]
BEALIBA,[3475]
BUXTON,[3711]
TAGGERTY,[3714]
GLADYSDALE,[3797]
DOOEN,[3401]
PINE LODGE,[3631]
BENDIGO,"[3550, 3552]"
DALYENONG,[3477]
LAKE LONSDALE,[3381]
RYANS,[3875]
NEWBURY,[3458]
GONN CROSSING,[3579]
TRESCO WEST,[3584]
AIREYS INLET,[3231]
WELLSFORD,[3551]
TULLAMARINE,[3043]
MOUNT GLASGOW,[3371]
DURHAM OX,[3576]
EDENHOPE,[3318]
ALTONA NORTH,[3025]
JERICHO,[3825]
COLAC EAST,[3250]
BARRAPORT,[3537]
TREMONT,[3785]
LONGWARRY NORTH,[3816]
KALPIENUNG,[3529]
BAROOGA,[3644]
COOMOORA,[3461]
NILMA,[3821]
CASHMORE,[3305]
MOUNT CLEAR,[3350]
WAURN PONDS,[3216]
WEMEN,[3549]
YUROKE,[3063]
WOORINEN SOUTH,[3588]
LOWER NORTON,[3401]
EDEN PARK,[3757]
MILDURA,"[3500, 3502]"
GREY RIVER,[3234]
WRATHUNG,[3860]
KIALLA WEST,[3631]
ROSANNA,[3084]
MERRICKS NORTH,[3926]
COLBINABBIN,[3559]
ASPENDALE GARDENS,[3195]
KOO WEE RUP NORTH,[3981]
STOCKYARD HILL,[3373]
ESMOND,[3730]
LANGDONS HILL,[3363]
WARROCK,[3312]
MILLGROVE,[3799]
FRENCH ISLAND,[3921]
MARIONVALE,[3634]
VECTIS,[3401]
CATHKIN,[3714]
LOWER MOIRA,[3639]
DUMBALK NORTH,[3956]
LONGWOOD,[3665]
CARINA,[3512]
YARRAVILLE WEST,[3013]
BOX HILL CENTRAL,[3128]
WOORINEN NORTH,[3589]
FUMINA SOUTH,[3825]
MANORINA,[3889]
SIDONIA,[3444]
CHILTERN,[3683]
HEXHAM,[3273]
CARLISLE RIVER,[3239]
WUNGHNU,[3635]
WARANGA SHORES,[3612]
BOOLARONG,[3960]
BREAKWATER,[3219]
ROSEBERY,[3395]
PRENTICE NORTH,[3685]
SHADY CREEK,[3821]
BUNDALONG,[3730]
DIGGORA,[3561]
STAGHORN FLAT,[3691]
THE COVE,[3268]
LASCELLES,[3487]
MORELAND WEST,[3055]
WROXHAM,[3891]
BRIDGE CREEK,[3723]
YARRA JUNCTION,[3797]
WHOROULY EAST,[3735]
WOODSTOCK,[3751]
THORNBURY,[3071]
DARTMOOR,[3304]
VINIFERA,[3591]
TANWOOD,[3478]
LICOLA NORTH,[3858]
DEDDICK VALLEY,[3888]
COTHAM,[3101]
COGHILLS CREEK,[3364]
MARLO,[3888]
JOHNSTONES HILL,[3870]
BYADUK NORTH,[3300]
WATTLETREE ROAD PO,[3145]
MURRAWEE,[3586]
NUMURKAH,[3636]
SPRINGMOUNT,[3364]
WEDDERBURN,[3518]
NOTTING HILL,[3168]
MIA MIA,[3444]
HOPPERS CROSSING,[3029]
STONYFORD,[3260]
BLACKBURN SOUTH,[3130]
JARKLIN,[3517]
GRE GRE,[3477]
MOOROODUC,[3933]
ANGLERS REST,[3898]
FISKVILLE,[3342]
BUCKLAND,[3740]
BALLARAT,"[3350, 3353]"
LANCEFIELD,[3435]
BIRCHIP,[3483]
HEATH HILL,[3981]
WATTLE HILL,[3237]
MOUNT DORAN,[3334]
EAGLEHAWK NORTH,[3556]
KILLARA,"[3312, 3691]"
LILLIMUR,[3420]
AIRLY,[3851]
CHESHUNT SOUTH,[3678]
BRIDGEWATER ON LODDON,[3516]
STRATEN,[3533]
LOCKINGTON,[3563]
WHIRILY,[3483]
PURNIM WEST,[3278]
NUNGURNER,[3909]
SWAN BAY,[3225]
GOORNONG,[3557]
GARFIELD,[3814]
LAKE MERAN,[3579]
MILDURA WEST,[3500]
TOOAN,[3409]
IGUANA CREEK,[3875]
BROADMEADOWS,[3047]
BRIM,[3391]
SKYE,[3977]
FRYERSTOWN,[3451]
MAIN RIDGE,[3928]
LOCKWOOD SOUTH,[3551]
NEWINGTON,[3350]
NERRINA,[3350]
LEOPOLD,[3224]
GRAHAMVALE,[3631]
HAPPY VALLEY,"[3360, 3549]"
FERNY CREEK,[3786]
BRINGALBERT,[3319]
NARINGAL EAST,[3277]
ROSS CREEK,[3351]
BUNBARTHA,[3634]
FENTONS CREEK,[3518]
PEECHELBA,[3678]
BOWEYA,[3675]
BUDGEE BUDGEE,[3862]
BOORT,[3537]
CAMBERWELL WEST,[3124]
DEER PARK NORTH,[3023]
SCORESBY BC,[3176]
MURRUMBEENA,[3163]
CHADSTONE,[3148]
WENTWORTH,[3875]
TRAFALGAR EAST,[3824]
TARRONE,[3283]
GRENVILLE,[3352]
ENSAY NORTH,[3895]
NARRAPUMELAP SOUTH,[3293]
WARRACKNABEAL,[3393]
HUNTLY NORTH,[3551]
POINT COOK,[3030]
RIACHELLA,[3385]
YARRAWONGA,[3730]
NOWIE,[3585]
BOIGBEAT,[3531]
BUNDOORA,[3083]
TARNOOK,[3670]
MONTGOMERY,[3851]
LONG FOREST,[3340]
GREYTHORN,[3104]
MIRBOO,[3871]
GLENMORE,[3340]
LEONGATHA,[3953]
YAPEEN,[3451]
ALVIE,[3249]
WILLIAMS LANDING,[3027]
CORAGULAC,[3249]
PICOLA,[3639]
VICTORIA POINT,[3294]
CONCONGELLA,[3384]
NEWHAVEN,[3925]
SUNNYCLIFFS,[3496]
ALMURTA,[3979]
PENSHURST,[3289]
WODONGA,"[3689, 3690]"
MACCLESFIELD,[3782]
UNIVERSITY OF MELBOURNE,[3010]
CERES,[3221]
NANGILOC,[3494]
TURTONS CREEK,[3960]
DIXIE,[3265]
SUMMERLANDS,[3922]
STEWARTON,[3725]
BEARII,[3641]
BULLUMWAAL,[3875]
ROSTRON,[3477]
MONBULK,[3793]
WISHART,[3189]
CHAPPLE VALE,[3239]
PIRRON YALLOCK,[3249]
KINGSTON,[3364]
LACEBY,[3678]
ST ANDREWS,[3761]
HORDERN VALE,[3238]
BETE BOLONG,[3888]
FRENCHMANS,[3384]
TEAL POINT,[3579]
NYORA,[3987]
NEWSTEAD,[3462]
SILVERLEAVES,[3922]
NOOJEE,[3833]
PAINSWICK,[3551]
EUMEMMERRING,[3177]
HAMPTON,[3188]
JEFFCOTT NORTH,[3480]
FAIRFIELD,[3078]
ANDERSON,[3995]
LANGWARRIN SOUTH,[3911]
PRAHRAN EAST,[3181]
TESBURY,[3260]
JIL JIL,[3483]
KNOCKWOOD,[3723]
COROP,[3559]
OLD TALLANGATTA,[3701]
NORTH GEELONG,[3215]
CAPE BRIDGEWATER,[3305]
WEST CREEK,[3992]
GHERINGHAP,[3331]
PRESTON LOWER,[3072]
YERING,[3770]
DONCASTER EAST,[3109]
MURNUNGIN,[3544]
SUGGAN BUGGAN,[3885]
SUTHERLANDS CREEK,[3331]
JARRAHMOND,[3888]
ELEVATED PLAINS,[3461]
ONDIT,[3249]
STANLEY,[3747]
KOONDA,[3669]
YANNATHAN,[3981]
WINGAN RIVER,[3891]
KILLINGWORTH,[3717]
WILLIAMSTOWN NORTH,[3016]
DERRINAL,[3523]
JACANA,[3047]
RINGWOOD,[3134]
SEVILLE EAST,[3139]
BUTCHERS RIDGE,[3885]
BARJARG,[3723]
CAULFIELD SOUTH,[3162]
MAMBOURIN,[3024]
WALLALOO,[3387]
CULLEN,[3568]
BRUMBY,[3885]
MACKS CREEK,[3971]
DUNLUCE,[3472]
KEALBA,[3021]
CORNELLA,[3551]
TAYLOR BAY,[3713]
NORTHCOTE,[3070]
ULUPNA,[3641]
MIRAM,[3415]
KINGLAKE,[3763]
STRZELECKI,[3950]
KERNOT,[3979]
BOISDALE,[3860]
NEWCOMB,[3219]
MOUNT COLE CREEK,[3377]
DARLINGTON,[3271]
LANSELL PLAZA,[3555]
BANDIANA MILPO,[3694]
YUNDOOL,[3727]
BRIMIN,[3685]
DANDONGADALE,[3737]
DRIFFIELD,[3840]
RUFFY,[3666]
FIERY FLAT,[3518]
TANTARABOO,[3764]
NAREEB,[3293]
WOOLAMAI,[3995]
NARRE WARREN,[3805]
DROUIN EAST,[3818]
SURREY HILLS NORTH,[3127]
BENDOC,[3888]
ELPHINSTONE,[3448]
STEIGLITZ,[3331]
SAN REMO,[3925]
RAYMOND ISLAND,[3880]
CREEK VIEW,[3551]
STRANGWAYS,[3461]
POOLAIJELO,[3312]
EDI UPPER,[3678]
BIMBOURIE,[3533]
WAREEK,[3465]
EDITHVALE,[3196]
AINTREE,[3336]
RYANSTON,[3992]
ULLSWATER,[3318]
YINNAR SOUTH,[3869]
THOMASTOWN,[3074]
FRESHWATER CREEK,[3217]
WARRAGUL WEST,[3821]
BILLABONG,[3858]
SHELBOURNE,[3515]
WHANREGARWEN,[3714]
FLAGSTAFF,[3465]
IRREWILLIPE,[3249]
STRATHDOWNIE,[3312]
MOUNT WALLACE,[3342]
TARRANYURK,[3414]
BROUGHTON,[3418]
PATHO,[3564]
JEPARIT,[3423]
BUFFALO RIVER,[3737]
CLYDEBANK,[3851]
LIMA SOUTH,[3673]
CLARINDA,[3169]
BROADFORD,[3658]
LANG LANG,[3984]
TAMINICK,[3675]
NEERIM NORTH,[3832]
BARWON DOWNS,[3243]
WAHGUNYAH,[3687]
NOORINBEE NORTH,[3890]
ZUMSTEINS,[3401]
WINGEEL,[3321]
SEASPRAY,[3851]
MOUNT CAMERON,[3370]
WALLAGARAUGH,[3891]
SWANPOOL,[3673]
DALLAS,[3047]
EASTWOOD,[3875]
CHELSEA,[3196]
CAMBERWELL SOUTH,[3124]
OXLEY FLATS,[3678]
HURSTBRIDGE,[3099]
NIRRANDA SOUTH,[3268]
CARLSRUHE,[3442]
WOODVALE,[3556]
CUDGEWA,[3705]
BALINTORE,[3249]
DALMORE,[3981]
SPRINGHURST,[3682]
HARCOURT NORTH,[3453]
NATHALIA,[3638]
CRANBOURNE,[3977]
MERRIMU,[3340]
NYERIMILANG,[3909]
WATERFORD PARK,[3658]
NYAH WEST,[3595]
SNAKE ISLAND,[3971]
SEDDON WEST,[3011]
PATTERSON,[3204]
CANNUM,[3393]
GLENGARRY NORTH,[3854]
LILYDALE,[3140]
GUILDFORD,[3451]
MOUNT FRANKLIN,[3461]
ARCADIA SOUTH,[3631]
RANGEVIEW,[3132]
ANCONA,[3715]
LIMA,[3673]
BELL PARK,[3215]
DINGEE,[3571]
MOUNTAIN BAY,[3723]
PRINCETOWN,[3269]
STRADBROKE PARK,[3103]
WOODSTOCK WEST,[3463]
BURNLEY NORTH,[3121]
GAINSBOROUGH,[3822]
WANDO BRIDGE,[3312]
GUYS HILL,[3807]
COWA,[3862]
AVONMORE,[3559]
LAEN NORTH,[3480]
PRESTON WEST,[3072]
BRUARONG,[3749]
FAIRBANK,[3951]
ESSENDON FIELDS,[3041]
TARILTA,[3451]
BOHO SOUTH,[3669]
GLENGOWER,[3370]
KANCOONA,[3691]
ALTONA,[3018]
HAYDENS BOG,[3888]
MITIAMO,[3573]
ORRVALE,[3631]
CAPEL SOUND,[3940]
WARRANDYTE,[3113]
JACOB CREEK,[3825]
LAEN EAST,[3480]
WAAIA,[3637]
BLACK HILL,[3350]
NEERIM JUNCTION,[3832]
MURRINDAL,[3885]
JERUK,[3527]
WYUNA,[3620]
GHIN GHIN,[3717]
VITE VITE,[3325]
AMOR,[3825]
BOOLARRA,[3870]
KOROIT,[3282]
HEIDELBERG,[3084]
GLENAROUA,[3764]
BOINKA,[3490]
MOGGS CREEK,[3231]
STANHOPE,[3623]
TOORA,[3962]
PORT FRANKLIN,[3964]
DEEP LEAD,[3385]
VENUS BAY,[3956]
BOOSEY,[3730]
RED HILL,[3937]
TABBERABBERA,[3875]
LONGWARRY,[3816]
DEVILS RIVER,[3714]
SIMPSON,[3266]
STRATHTULLOH,[3338]
TANDARRA,[3571]
LORQUON,[3418]
KOALLAH,[3260]
DEER PARK,[3023]
DANDENONG SOUTH,"[3164, 3175]"
GOBUR,[3719]
WALPEUP,[3507]
JORDANVILLE,[3148]
JEERALANG,[3840]
BONSHAW,[3352]
OMEO VALLEY,[3898]
WONGA,[3960]
PANMURE,[3265]
RIPPLESIDE,[3215]
HIGHETT,[3190]
WILLAURA NORTH,[3379]
MACARTHUR,[3286]
DUTSON,[3851]
CHIRNSIDE PARK,[3116]
MOUNT TAYLOR,[3875]
WOODHOUSE,[3294]
BONA VISTA,[3820]
SUGARLOAF CREEK,[3658]
WOOL WOOL,[3249]
ELLERSLIE,[3265]
CHILTERN VALLEY,[3683]
KOONWARRA,[3954]
AVON PLAINS,[3477]
MILNES BRIDGE,[3579]
COBRAM,"[3643, 3644]"
STRATHMORE HEIGHTS,[3041]
KYABRAM,"[3619, 3620]"
NICHOLSON,[3882]
TUERONG,[3915]
TUTYE,[3490]
BANDIANA,[3691]
JUNG,[3401]
BULLARTO,[3461]
MOCKINYA,[3401]
JUNCTION VILLAGE,[3977]
PAYNESVILLE,[3880]
HOWQUA,[3723]
ARMSTRONG,[3377]
DIAMOND CREEK,[3089]
OMBERSLEY,[3241]
TOWER HILL,[3283]
DRUMBORG,[3304]
BEND OF ISLANDS,[3097]
BINDI,[3896]
COIMADAI,[3340]
INVERMAY,[3352]
CARWARP,[3494]
NAVIGATORS,[3352]
WANDIN EAST,[3139]
MERBEIN,[3505]
WONGUNGARRA,[3862]
MEPUNGA,[3277]
MOLIAGUL,[3472]
CROSSOVER,[3821]
SUTHERLAND,[3477]
MILLTOWN,[3304]
MYRTLE CREEK,[3551]
JOYCES CREEK,[3364]
GERANG GERUNG,[3418]
FRANKSTON NORTH,[3200]
CHEWTON BUSHLANDS,[3451]
KERGUNYAH SOUTH,[3691]
TANJIL BREN,[3833]
LABERTOUCHE,[3816]
TALLYGAROOPNA,[3634]
HAWTHORN NORTH,[3122]
YENDON,[3352]
WALLALOO EAST,[3387]
YEO,[3249]
STAVELY,[3379]
PITTONG,[3360]
NAR NAR GOON NORTH,[3812]
MERRINEE,[3496]
SEBASTIAN,[3556]
TIMOR WEST,[3465]
MAFFRA WEST UPPER,[3859]
BLACKBURN NORTH,[3130]
NORTH WONTHAGGI,[3995]
AIRE VALLEY,[3237]
EUROBIN,[3739]
WULGULMERANG EAST,[3885]
BUNKERS HILL,[3352]
IVANHOE,[3079]
HARCOURT,[3453]
FERNIHURST,[3518]
BRANDY CREEK,[3821]
TATYOON,[3378]
CAMPBELLS BRIDGE,[3387]
EVERSLEY,[3377]
CARLTON,[3053]
WERRIBEE SOUTH,[3030]
ELINGAMITE NORTH,[3266]
YOUARANG,[3728]
WILLOWMAVIN,[3764]
WALDARA,[3678]
COTSWOLD,[3465]
CORINELLA,[3984]
MACLEOD WEST,[3085]
LAKE FYANS,[3381]
KOOLOONONG,[3597]
CASTLEMAINE,[3450]
WANTIRNA,[3152]
JANCOURT,[3266]
HAVILAH,[3737]
BROKEN CREEK,[3673]
WALLACEDALE,[3303]
BEAUMARIS,[3193]
CLYDESDALE,[3461]
SUNSHINE WEST,[3020]
WARRANDYTE SOUTH,[3134]
CORINDHAP,[3352]
HOTSPUR,[3303]
BUCHAN,[3885]
KORUMBURRA,[3950]
COSTERFIELD,[3523]
WYCHITELLA,[3525]
MARLBED,[3483]
GERAHMIN,[3546]
MIDDLE CAMBERWELL,[3124]
GERRIGERRUP,[3289]
PICOLA WEST,[3639]
DRUNG,[3401]
HEATHCOTE SOUTH,[3523]
KNEBSWORTH,[3286]
BALWYN NORTH,[3104]
SUMNER,[3057]
KANYAPELLA,[3564]
FAWCETT,[3714]
ARCHERTON,[3723]
MANIFOLD HEIGHTS,[3218]
CARRANBALLAC,[3361]
LUCYVALE,[3691]
MEADOW HEIGHTS,[3048]
HERNES OAK,[3825]
TALLANGATTA,[3700]
BOOLE POOLE,[3880]
MILDURA SOUTH,[3501]
MONASH UNIVERSITY,[3800]
DUNACH,[3371]
DANDENONG EAST,[3175]
MURRABIT,[3579]
ELINGAMITE,[3266]
CUNDARE,[3251]
MORTLAKE,[3272]
MINGAY,[3324]
EAST GEELONG,[3219]
DEANSIDE,[3336]
GLENLOTH,[3527]
BENDIGO FORWARD,[3551]
MOSSIFACE,[3885]
NINE MILE,[3518]
GLENLEE,[3418]
DELEGATE RIVER,[3888]
DOBIE,[3377]
MONOMEITH,[3984]
BELGRAVE,[3160]
MONTMORENCY,[3094]
GLENDONALD,[3364]
BURRUMBEET,[3352]
AVONDALE HEIGHTS,[3034]
SPRINGFIELD,"[3434, 3544]"
WANGIE,[3530]
WONWONDAH,[3401]
LANCASTER,[3620]
THOWGLA VALLEY,[3707]
CASSILIS,[3898]
KEW EAST,[3102]
GRANGEFIELDS,[3335]
HALLSTON,[3953]
MOROKA,[3860]
DAISY HILL,[3465]
CHESHUNT,[3678]
COBBLEBANK,[3338]
TELOPEA DOWNS,[3420]
CHADSTONE CENTRE,[3148]
NAPOLEONS,[3352]
CABBAGE TREE CREEK,[3889]
GLEN FORBES,[3990]
ECHUCA WEST,[3564]
TANJIL SOUTH,[3825]
WIRRATE,[3608]
CAPE PATERSON,[3995]
SANDON,[3462]
RIVERSIDE,[3401]
WHIPSTICK,[3556]
ROYAL MELBOURNE HOSPITAL,[3050]
WEST BENDIGO,[3550]
KIALLA EAST,[3631]
PORT CAMPBELL,[3269]
MOUNT MAJOR,[3646]
BALLAN,[3342]
AXEDALE,[3551]
KUNAT,[3585]
WINCHELSEA SOUTH,[3241]
EILDON,[3713]
WERNETH,[3352]
PINEWOOD,[3149]
GRASSMERE,[3281]
YEUNGROON,[3525]
CHARLEROI,[3695]
WODONGA PLAZA,[3690]
ST KILDA ROAD MELBOURNE,[3004]
PARK ORCHARDS,[3114]
MCCRAE,[3938]
NALINGA,[3646]
BOGONG,[3699]
MODEWARRE,[3240]
CRANBOURNE SOUTH,[3977]
TANDAROOK,[3260]
FLINDERS,[3929]
TATURA,[3616]
CLIFTON SPRINGS,[3222]
BUNDING,[3342]
ARAWATA,[3951]
MERRIANG SOUTH,[3737]
GLENLYON,[3461]
NIDDRIE,[3042]
LANGKOOP,[3318]
MOONDARRA,[3825]
LAKE TYERS BEACH,[3909]
RED CLIFFS,[3496]
HOWQUA INLET,[3723]
SCOTCHMANS LEAD,[3352]
MORWELL,[3840]
DONNYBROOK,[3064]
NARRE WARREN SOUTH,[3805]
WONNANGATTA,[3737]
WANDONG,[3758]
MOOROOLBARK,[3138]
KADNOOK,[3318]
WHITE HILLS,[3550]
GNARWARRE,[3221]
KINGLAKE CENTRAL,[3757]
PAARATTE,[3268]
YELTA,[3505]
LANCE CREEK,[3995]
KERGUNYAH,[3691]
DOVETON,[3177]
YALMY,[3885]
MERLYNSTON,[3058]
ROSES GAP,[3385]
IVANHOE NORTH,[3079]
TUBBUT,[3888]
BULN BULN,[3821]
YORK PLAINS,[3477]
LEARMONTH,[3352]
ALFREDTON,[3350]
ARCHIES CREEK,[3995]
ROSSBRIDGE,[3377]
GRAMPIANS,[3314]
TAMBORITHA,[3858]
BRADVALE,[3361]
CATUMNAL,[3537]
SOUTH PURRUMBETE,[3260]
HAWTHORN EAST,[3123]
JUMBUNNA,[3951]
DENNINGTON,[3280]
CLARKEFIELD,[3430]
FOXHOW,[3323]
NATIMUK,[3409]
TOOBORAC,[3522]
BLACKWARRY,[3844]
YAAPEET,[3424]
MOE SOUTH,[3825]
EASTERN VIEW,[3231]
WANDIN NORTH,[3139]
DERRIMUT,[3026]
WINCHELSEA,[3241]
NEEREMAN,[3463]
STANHOPE SOUTH,[3623]
BURNSIDE HEIGHTS,[3023]
WOODFIELD,[3715]
KYNETON SOUTH,[3444]
MUSK,[3461]
FOSTERVILLE,[3557]
COMBIENBAR,[3889]
GLENFYNE,[3266]
ENGLEFIELD,[3407]
HAWTHORN WEST,[3122]
MOUNT PLEASANT,[3350]
ST JAMES,[3727]
FERNBANK,[3864]
EMERALD,[3782]
WAARRE,[3269]
VICTORIA VALLEY,[3294]
SOMERTON PARK,[3851]
WARRENHEIP,[3352]
TETOORA ROAD,[3821]
DELBURN,[3871]
MUNRO,[3862]
DUNDONNELL,[3271]
WERRIMULL,[3496]
SUNSET STRIP,[3922]
WANDOWN,[3549]
NANGANA,[3781]
LONGWOOD EAST,[3666]
BUCHAN SOUTH,[3885]
YALLAMBIE,[3085]
COLLIVER,[3630]
TOOMBON,[3825]
TALBOT,[3371]
BATESFORD,[3213]
NOORAT,[3265]
GRE GRE SOUTH,[3477]
BUSHFIELD,[3281]
WINLATON,[3585]
WEATHERBOARD,[3352]
GRANYA,[3701]
EPPALOCK,[3551]
CRANBOURNE NORTH,[3977]
LANGWARRIN,[3910]
ELMORE,[3558]
CHELTENHAM EAST,[3192]
TEMPY,[3489]
RAYWOOD,[3570]
SEYMOUR SOUTH,[3660]
ASHBURTON,[3147]
ERCILDOUNE,[3352]
BUMBERRAH,[3902]
MELTON SOUTH,[3338]
YARRAM,[3971]
ARMSTRONG CREEK,[3217]
COOJAR,[3315]
TERIP TERIP,[3719]
KENNEDYS CREEK,[3239]
BYAWATHA,[3678]
WERONA,[3364]
MOORMBOOL WEST,[3523]
PLUMPTON,[3335]
WONYIP,[3962]
TAMBO CROSSING,[3893]
NELSE,[3699]
COWWARR,[3857]
WEST MELBOURNE,[3003]
NULLAWARRE NORTH,[3268]
BRIMPAEN,[3401]
BETHANGA,[3691]
VERMONT SOUTH,[3133]
GYMBOWEN,[3401]
TORRUMBARRY,[3562]
WOOREEN,[3953]
RUNNING CREEK,[3691]
CALLAWADDA,[3387]
OCEAN GROVE,[3226]
MOOLAP,[3224]
MENTONE,[3194]
GLEN IRIS,[3146]
MOUNT BEST,[3960]
PETERBOROUGH,[3270]
THOONA,[3726]
MONTROSE,[3765]
KAMAROOKA,[3570]
COBRAM EAST,[3644]
BELLBIRD CREEK,[3889]
WILLUNG,[3847]
CORUNNUN,[3249]
MOORALLA,[3314]
CAMBERWELL,[3124]
RHYLL,[3923]
BENDIGO SOUTH,[3550]
BRIAR HILL,[3088]
TOOLONDO,[3401]
MEAD,[3568]
BAW BAW,[3833]
AGNES,[3962]
HILLSIDE,"[3037, 3875]"
TIMBOON WEST,[3268]
COBURG,[3058]
GOSCHEN,[3585]
AMHERST,[3371]
BRAYBROOK,[3019]
DANDENONG NORTH,[3175]
GLENGARRY,[3854]
GOWAR EAST,[3477]
TRAWOOL,[3660]
CLARKES HILL,[3352]
GLEN VALLEY,[3898]
LYNBROOK,[3975]
WATTLE BANK,[3995]
BERRINGAMA,[3691]
HAWKSBURN,[3142]
THE BASIN,[3154]
BALLENDELLA,[3561]
LYONVILLE,[3461]
SOUTH YARRA,[3141]
ELLASWOOD,[3875]
BULLEEN,[3105]
KURUNJANG,[3337]
LITTLE DESERT,[3418]
WHEATSHEAF,[3461]
FRAMLINGHAM,[3265]
OUYEN,[3490]
TEDDYWADDY WEST,[3527]
LYONS,[3304]
MOKEPILLY,[3381]
NYARRIN,[3533]
KERRISDALE,[3660]
ROBERTSONS BEACH,[3971]
NAP NAP MARRA,[3860]
GORAE WEST,[3305]
LAKE BUNGA,[3909]
BONBEACH,[3196]
MONGANS BRIDGE,[3691]
BORNES HILL,[3379]
TAMLEUGH NORTH,[3669]
PAKENHAM SOUTH,[3810]
MOLYULLAH,[3673]
STUDFIELD,[3152]
OUTTRIM,[3951]
ORFORD,[3284]
ESKDALE,[3701]
CARRAJUNG LOWER,[3844]
KILSYTH SOUTH,[3137]
MOUNT DANDENONG,[3767]
ADAMS ESTATE,[3984]
BIRDWOODTON,[3505]
KYABRAM SOUTH,[3620]
MYERS FLAT,[3556]
LAKE TYERS,[3887]
HAMPTON NORTH,[3188]
NARRACAN,[3824]
SAWMILL SETTLEMENT,[3723]
MELTON WEST,[3337]
ANTWERP,[3414]
LESLIE MANOR,[3260]
BOBINAWARRAH,[3678]
ROSEBUD,[3939]
YARPTURK,[3283]
POOWONG,[3988]
STRATHMORE,[3041]
SCORESBY,[3179]
WARRENMANG,[3478]
TARCOMBE,[3666]
YACKANDANDAH,[3749]
BOWMANS FOREST,[3735]
REEDY FLAT,[3895]
DOUGLAS,[3409]
KINGSBURY,[3083]
AUBURN,[3123]
BROADWATER,[3301]
NORTHCOTE SOUTH,[3070]
COOMA,[3616]
ARNOLD WEST,[3551]
MOUNT BUTE,[3324]
REDESDALE,[3444]
LYSTERFIELD SOUTH,[3156]
YOUANMITE,[3646]
SKENES CREEK NORTH,[3233]
POINT LONSDALE,[3225]
EAGLE POINT,[3878]
CHINTIN,[3756]
BUNYIP NORTH,[3815]
BULDAH,[3890]
MEADOW CREEK,[3678]
RESEARCH,[3095]
HANSONVILLE,[3675]
BAYSWATER NORTH,[3153]
CLYDE NORTH,[3978]
WANALTA,[3612]
OVENS,[3738]
MACLEOD,[3085]
BOOROLITE,[3723]
COBUNGRA,[3898]
BUANGOR,[3375]
ILLABAROOK,[3351]
DEVON MEADOWS,[3977]
WILLANGIE,[3485]
ECKLIN SOUTH,[3265]
HARTWELL,[3124]
WARGAN,[3505]
GRASS FLAT,[3409]
EAST SALE,[3852]
KEILOR NORTH,[3036]
PLENTY,[3090]
NUG NUG,[3737]
CAIRNLEA,[3023]
CARAPOOEE WEST,[3477]
COONOOER BRIDGE,[3477]
NOORINBEE,[3890]
TENBY POINT,[3984]
THORPDALE SOUTH,[3824]
ILLAWARRA,[3381]
CAMPBELLS CREEK,[3451]
HUON,[3695]
BRINGENBRONG,[3707]
STRATFORD,[3862]
BUNGIL,[3691]
WOODEND NORTH,[3442]
ARTHURS CREEK,[3099]
YIELIMA,[3638]
MITRE,[3409]
BLACK ROCK,[3193]
BALLARAT CENTRAL,[3350]
MELVILLE FOREST,[3315]
QUARRY HILL,[3550]
CLEAR LAKE,[3409]
KURRACA,[3518]
GAZETTE,[3289]
QUANDONG,[3030]
DRUMANURE,[3636]
DROUIN SOUTH,[3818]
REDCASTLE,[3523]
LAKE WELLINGTON,[3851]
MIDDLE CREEK,[3375]
CANARY ISLAND,[3537]
MANNS BEACH,[3971]
YATCHAW,[3301]
FORBES,[3764]
AYRFORD,[3268]
AVENEL,[3664]
POWELLTOWN,[3797]
FOOTSCRAY,[3011]
JUNORTOUN,[3551]
NERRENA,[3953]
REDBANK,[3477]
THALIA,[3527]
COOLAROO,[3048]
SORRENTO,[3943]
KILCUNDA,[3995]
BRIT BRIT,[3315]
WAITCHIE,[3544]
UPPER LURG,[3673]
TOORONGO,[3833]
LAKE CONDAH,[3303]
KATAMATITE EAST,[3649]
WALLUP,[3401]
YARRAGON SOUTH,[3823]
BARNADOWN,[3557]
BRUNSWICK WEST,[3055]
BROOKVILLE,[3896]
YANAC,[3418]
BUNINYONG,[3357]
KITHBROOK,[3666]
RICH AVON,[3480]
TYNTYNDER,[3586]
GATUM,[3407]
MACEDON,[3440]
MINMINDIE,[3537]
ERICA,[3825]
WENDOUREE VILLAGE,[3355]
LAKE MUNDI,[3312]
LORNE,[3232]
DUTSON DOWNS,[3851]
LANG LANG EAST,[3984]
CAULFIELD JUNCTION,[3161]
WINTON,[3673]
KEWELL,[3390]
TRENTHAM,[3458]
COONOOER WEST,[3477]
CLARETOWN,[3352]
LUCKNOW,[3875]
BARINGHUP WEST,[3463]
KENMARE,[3395]
FISH CREEK,[3959]
KAMAROOKA NORTH,[3571]
KATANDRA,[3634]
SKINNERS FLAT,[3518]
BENGWORDEN,[3875]
HIAWATHA,[3971]
ADELAIDE LEAD,[3465]
MINJAH,[3276]
STRATHLEA,[3364]
ALBERT PARK,[3206]
OZENKADNOOK,[3413]
MEENIYAN,[3956]
GLENISLA,[3314]
WY YUNG,[3875]
HUNTINGDALE,[3166]
BO PEEP,[3351]
SWAN HILL WEST,[3585]
NEDS CORNER,[3496]
BALLARAT MC,[3354]
CROOKAYAN,[3858]
TOWANINNY SOUTH,[3527]
LALALTY,[3644]
TOWANINNY,[3527]
BOLTON,[3546]
GARFIELD NORTH,[3814]
BATMAN,[3058]
YAN YEAN,[3755]
GOULBURN WEIR,[3608]
BALACLAVA,[3183]
COCKATOO,[3781]
SALISBURY WEST,[3517]
DRY DIGGINGS,[3461]
CREIGHTONS CREEK,[3666]
THE GURDIES,[3984]
POINT WILSON,[3212]
LEONARDS HILL,[3461]
CODRINGTON,[3285]
WALKERVILLE SOUTH,[3956]
HODDLES CREEK,[3139]
NEWPORT,[3015]
BREAKAWAY CREEK,[3303]
TRAGOWEL,[3579]
BULGA,[3586]
ALMONDS,[3727]
ALTONA MEADOWS,[3028]
TERANG,[3264]
BEECHWORTH,[3747]
LA TROBE UNIVERSITY,"[3083, 3086]"
MINCHA,[3575]
WANTIRNA SOUTH,[3152]
EAST WARBURTON,[3799]
BOORHAMAN,[3678]
ALLAMBEE RESERVE,[3871]
MURMUNGEE,[3747]
BONEO,[3939]
TAWONGA,[3697]
FOUNTAIN GATE,[3805]
TYENNA,[3533]
FERNDALE,[3821]
BOLANGUM,[3387]
CLIFTON HILL,[3068]
MEPUNGA EAST,[3277]
KILMANY,[3851]
BAMBRA,[3241]
BUNGEET,[3726]
SPRING GULLY,[3550]
NAREEN,[3315]
COKUM,[3542]
BELLARINE,[3223]
MIDDLE PARK,[3206]
ABBOTSFORD,[3067]
ELLINBANK,[3821]
NINYEUNOOK,[3527]
WELSHPOOL,[3966]
KROWERA,[3945]
LAVERTON NORTH,[3026]
HEYTESBURY LOWER,[3268]
MERINGUR,[3496]
NEERIM EAST,[3831]
WOORNDOO,[3272]
CLOVERLEA,[3822]
KEILOR PARK,[3042]
PINES FOREST,[3200]
CAMPERDOWN,[3260]
HILLDENE,[3660]
LINDENOW SOUTH,[3875]
KANIVA,[3419]
TRARALGON SOUTH,[3844]
CHARLEMONT,[3217]
MOORILIM,[3610]
CHATSWORTH,[3379]
LADYS PASS,[3523]
TARRA VALLEY,[3971]
TATURA EAST,[3616]
GONG GONG,[3352]
NEILBOROUGH,[3570]
SOLDIERS HILL,[3350]
CHUTE,[3373]
MOUNT COTTRELL,[3024]
ABERFELDY,[3825]
LAWRENCE,[3364]
LICOLA,[3858]
CAPE WOOLAMAI,[3925]
ELWOOD,[3184]
BOHO,[3669]
ALLAMBEE SOUTH,[3871]
WILD DOG VALLEY,[3953]
KALKALLO,[3064]
TABILK,[3607]
BROOKFIELD,[3338]
MENA PARK,[3373]
NARING,[3636]
RICHMOND SOUTH,[3121]
PELLUEBLA,[3727]
TYRENDARRA EAST,[3285]
BALLARAT WEST,[3350]
SOUTH WHARF,[3006]
KEILOR DOWNS,[3038]
TARRENGOWER,[3463]
SEVILLE,[3139]
CROYDON,[3136]
BANYAN,[3485]
HUMEVALE,[3757]
HASTINGS,[3915]
REEDY CREEK,[3658]
NETHERBY,[3418]
LERDERDERG,[3458]
OLINDA,[3788]
NEWMERELLA,[3886]
BOTANIC RIDGE,[3977]
KOO WEE RUP,[3981]
WAIREWA,[3887]
PARKVILLE,[3052]
GHERANG,[3240]
TOORA NORTH,[3962]
GRETA SOUTH,[3675]
KELLALAC,[3393]
BULLAROOK,[3352]
KILMORE,[3764]
FLYNN,[3844]
SOUTH GEELONG,[3220]
CORNISHTOWN,[3683]
DEVENISH,[3726]
WINDSOR,[3181]
LABURNUM,[3130]
MIRBOO NORTH,[3871]
VITE VITE NORTH,[3325]
TALLANGATTA VALLEY,[3701]
CARNGHAM,[3351]
MOOLERR,[3477]
KOOYONG,[3144]
BENDIGO DC,[3554]
GELLIBRAND LOWER,[3237]
ATTWOOD,[3049]
NORTH WANGARATTA,[3678]
PIRIES,[3723]
CENTRAL PARK,[3145]
WATCHEM,[3482]
EAST MELBOURNE,[3002]
CROXTON EAST,[3301]
KANYA,[3387]
STIRLING,[3893]
HOTHAM HEIGHTS,[3741]
BOX HILL,[3128]
CREEK JUNCTION,[3669]
LAKE WONGAN,[3373]
DRUMMOND NORTH,[3446]
GLENMAGGIE,[3858]
DIGGERS REST,[3427]
WEIR VIEWS,[3338]
CONNEWARRE,[3227]
BARRAMUNGA,[3249]
EUROA,[3666]
MANSFIELD,"[3722, 3724]"
MARYBOROUGH,[3465]
DELAHEY,[3037]
MILDURA CENTRE PLAZA,[3501]
TERRAPPEE,[3525]
MADALYA,[3971]
LARA,[3212]
GIPPSLAND MC,[3841]
DONALD,[3480]
WARRAGUL SOUTH,[3821]
BAYNTON EAST,[3444]
TAMBOON,[3890]
MANOR LAKES,[3024]
DRUMMARTIN,[3570]
BAREENA,[3220]
WARTOOK,[3401]
MORELAND,[3058]
MASSEY,[3482]
NIDDRIE NORTH,[3042]
CROSS ROADS,[3373]
BORUNG,[3518]
CURDIEVALE,[3268]
BUDGEREE,[3870]
FLAGGY CREEK,[3875]
SHE OAKS,[3331]
RHYMNEY,[3377]
MUDGEGONGA,[3737]
ORMOND,[3204]
WARRAK,[3377]
CANTERBURY,[3126]
ST ARNAUD EAST,[3477]
CLAYTON,[3168]
LAUNCHING PLACE,[3139]
AUBURN SOUTH,[3122]
ROKEWOOD,[3330]
PIAVELLA,[3572]
PIER MILAN,[3533]
WOOMELANG,[3485]
WILLOWVALE,[3360]
ST CLAIR,[3995]
THE PATCH,[3792]
ST ANDREWS BEACH,[3941]
WONTHAGGI,[3995]
BAGSHOT,[3551]
KILLAWARRA,[3678]
PEARSONDALE,[3851]
DON VALLEY,[3139]
ST HELENS PLAINS,[3401]
TOLMIE,[3723]
PINE MOUNTAIN,[3709]
BOWEYA NORTH,[3675]
WALLAN,[3756]
GLENALBYN,[3517]
GRINGEGALGONA,[3315]
MOUNTAIN VIEW,[3988]
YINNAR,[3869]
BENALLA,"[3671, 3672]"
BARRYS REEF,[3458]
RED LION,[3371]
EBDEN,[3691]
GOORAMADDA,[3685]
CARDIGAN,[3352]
PORT FAIRY,[3284]
SANDFORD,[3312]
CROSSLEY,[3283]
LIMESTONE,[3717]
CABBAGE TREE,[3364]
MOUNT BUFFALO,[3740]
DARLEY,[3340]
HEDLEY,[3967]
QUEENSFERRY,[3984]
HAVEN,[3401]
LAKES ENTRANCE,[3909]
LEONGATHA SOUTH,[3953]
GLADFIELD,[3575]
ARMADALE,[3143]
ARTHURS SEAT,[3936]
MEERLIEU,[3862]
STONELEIGH,[3373]
DARLING SOUTH,[3145]
KIRWANS BRIDGE,[3608]
COOPERS CREEK,[3825]
KOYUGA,[3622]
BRIGHTON ROAD,[3184]
BESSIEBELLE,[3304]
BERRIMAL,[3518]
CORRYONG,[3707]
WALHALLA,[3825]
HAVELOCK,[3465]
LAKE BOGA,[3584]
WANGARATTA SOUTH,[3678]
CHURCHILL,[3842]
LONGFORD,[3851]
TALLANGATTA SOUTH,[3701]
BROWN HILL,[3350]
BEAUCHAMP,[3579]
CHESNEY VALE,[3725]
LLOWALONG,[3862]
FLYNNS CREEK,[3844]
BENTLEIGH,[3204]
GELLIBRAND,[3239]
COLBROOK,[3342]
WOODSIDE NORTH,[3874]
ANAKIE,[3213]
CABARITA,[3505]
UPPER PLENTY,[3756]
FITZROY NORTH,[3068]
DRIK DRIK,[3304]
BEARS LAGOON,[3517]
BUNGEET WEST,[3726]
OMEO,[3898]
LOCH SPORT,[3851]
YARRABERB,[3516]
DADSWELLS BRIDGE,[3385]
CLOVER FLAT,[3315]
AVOCA,[3467]
KERANG EAST,[3579]
WOODS POINT,[3723]
NEERIM,[3831]
DUMOSA,[3527]
STRATHALLAN,[3622]
CALDERMEADE,[3984]
GLEN WAVERLEY,[3150]
NIRRANDA,[3268]
CAPE SCHANCK,[3939]
RUBY,[3953]
OAK PARK,[3046]
BINGINWARRI,[3966]
EDDINGTON,[3472]
OCEAN GRANGE,[3880]
MAIDSTONE,[3012]
ALLANSFORD,[3277]
EYNESBURY,[3338]
WATERFORD,[3862]
BALMORAL,[3407]
EMU CREEK,[3551]
MENZIES CREEK,[3159]
MUNDOONA,[3635]
KOOROOMAN,[3953]
SHEPPARTON EAST,[3631]
JUMBUK,[3869]
BELLBRAE,[3228]
GLENHOPE,[3444]
EARLSTON,[3669]
JAM JERRUP,[3984]
SMOKEYTOWN,[3364]
BULN BULN EAST,[3821]
MOOLORT,[3465]
MOYREISK,[3477]
TAMLEUGH,[3669]
NICHOLS POINT,[3501]
GATEWAY ISLAND,[3691]
FYANSFORD,[3218]
SNAKE VALLEY,[3351]
CRYSTAL CREEK,[3714]
FRAMLINGHAM EAST,[3265]
BOX HILL NORTH,[3129]
SCOTTS CREEK,[3267]
DUNOLLY,[3472]
WERRIBEE,[3030]
WOODSIDE BEACH,[3874]
TERRICK TERRICK,[3575]
BARKSTEAD,[3364]
MONOMAK,[3860]
DROMANA,[3936]
KEILOR LODGE,[3038]
HOPETOUN,[3396]
CORA LYNN,[3814]
BROWNS PLAINS,[3685]
BURNBANK,[3371]
YALCA,[3637]
TINAMBA,[3859]
DOCTORS FLAT,[3895]
POWLETT PLAINS,[3517]
SMYTHES CREEK,[3351]
SOUTHLAND CENTRE,[3192]
SHELFORD,[3329]
ROBINVALE IRRIGATION DISTRICT SECTION E,[3549]
DOOBOOBETIC,[3478]
MUCKATAH,[3644]
MALVERN NORTH,[3144]
RICHMOND NORTH,[3121]
STRATHBOGIE,[3666]
FERN HILL,[3458]
DERBY,[3516]
BURNLEY,[3121]
ROSEBROOK,[3285]
MOONLIGHT FLAT,"[3450, 3465]"
KIMBOLTON,[3551]
KIEWA,[3691]
CLYDE,[3978]
BUNDALAGUAH,[3851]
CORACK EAST,[3480]
WANDILIGONG,[3744]
YANDOIT HILLS,[3461]
KILSYTH,[3137]
SPARGO CREEK,[3461]
WATERWAYS,[3195]
WILLOW GROVE,[3825]
STRATHMERTON,[3641]
DINGLEY VILLAGE,[3172]
MANNIBADAR,[3360]
WATTLE GLEN,[3096]
CAMPBELLS FOREST,[3556]
NILMA NORTH,[3821]
MORGIANA,[3301]
BROOMFIELD,[3364]
GLENLOFTY,[3469]
CLARENDON,[3352]
APPIN SOUTH,[3579]
LILLIPUT,[3682]
MOUNT EVELYN,[3796]
BULLA,[3428]
CANIAMBO,[3630]
MARYSVILLE,[3779]
STOCKDALE,[3862]
WATTLE PARK,[3128]
DANDENONG,[3175]
WERE STREET PO,[3186]
BALLARAT EAST,[3350]
YAWONG HILLS,[3478]
GORDON,[3345]
GRAYTOWN,[3608]
PHEASANT CREEK,[3757]
RUSSELLS BRIDGE,[3331]
LYSTERFIELD,[3156]
MUCKLEFORD SOUTH,[3462]
DARTMOUTH,[3701]
COCOROC,[3030]
CAPE CLEAR,[3351]
SELBY,[3159]
WILSONS PROMONTORY,[3960]
WANNON,[3301]
WILKUR,[3393]
GRANTVILLE,[3984]
WAANYARRA,[3551]
FOREST HILL,[3131]
BALLANGEICH,[3279]
PENTLAND HILLS,[3341]
SEAVIEW,[3821]
MELWOOD,[3875]
BEREMBOKE,[3342]
OXLEY,[3678]
BINGO MUNJIE,[3898]
NOORAT EAST,[3265]
UPPER RYANS CREEK,[3673]
SWAN HILL,[3585]
MELBOURNE AIRPORT,[3045]
INDENTED HEAD,[3223]
LUCAS,[3350]
GRETA,[3675]
COBURG NORTH,[3058]
DUNKIRK,[3630]
BUNYIP,[3815]
HUON CREEK,[3691]
MURGHEBOLUC,[3218]
LAVERTON,[3028]
ENDEAVOUR HILLS,[3802]
AIRPORT WEST,[3042]
BOUNDARY BEND,[3599]
DEREEL,[3352]
ANNUELLO,[3549]
BOOMAHNOOMOONAH,[3728]
MYRTLEBANK,[3851]
HEYFIELD,[3858]
ACHERON,[3714]
FORGE CREEK,[3875]
FLORA HILL,[3550]
CAULFIELD EAST,[3145]
BOONAH,[3235]
BYADUK,[3301]
COALVILLE,[3825]
INVERLOCH,[3996]
ROBINVALE IRRIGATION DISTRICT SECTION D,[3549]
TOOLOME,[3860]
BEAUFORT,[3373]
WHOROULY SOUTH,[3735]
MYRRHEE,[3732]
GAFFNEYS CREEK,[3723]
KORWEINGUBOORA,[3461]
BYRNESIDE,[3617]
KORUMBURRA SOUTH,[3950]
WEE WEE RUP,[3568]
TUNGAMAH,[3728]
KEYSBOROUGH,[3173]
SMOKO,[3741]
CHARAM,[3318]
ROCHFORD,[3442]
ZEERUST,[3634]
PATYAH,[3318]
HADFIELD,[3046]
MOORABBIN,[3189]
TARRAYOUKYAN,[3315]
FALLS CREEK,[3699]
KIRKSTALL,[3283]
ROXBURGH PARK,[3064]
